/Objects/CoatingLine/Oven/Identification/Manufacturer,/Objects/CoatingLine/Oven/Identification/ProductInstanceUri,/Objects/CoatingLine/Oven/Identification/SerialNumber
Oven,Oven,Oven
Oven,Oven,Oven
Oven,Oven,Oven
Oven,Oven,Oven
Oven,Oven,Oven
Oven,Oven,Oven
Oven,Oven,Oven
Oven,Oven,Oven
Oven,Oven,Oven
Oven,Oven,Oven
Oven,Oven,Oven
Oven,Oven,Oven
Oven,Oven,Oven
Oven,Oven,Oven
Oven,Oven,Oven
Oven,Oven,Oven
Oven,Oven,Oven
Oven,Oven,Oven
Oven,Oven,Oven
Oven,Oven,Oven
Oven,Oven,Oven
Oven,Oven,Oven
Oven,Oven,Oven
Oven,Oven,Oven
Oven,Oven,Oven
Oven,Oven,Oven
Oven,Oven,Oven
Oven,Oven,Oven
Oven,Oven,Oven
Oven,Oven,Oven
Oven,Oven,Oven
Oven,Oven,Oven
Oven,Oven,Oven
Oven,Oven,Oven
Oven,Oven,Oven
Oven,Oven,Oven
Oven,Oven,Oven
Oven,Oven,Oven
Oven,Oven,Oven
Oven,Oven,Oven
Oven,Oven,Oven
Oven,Oven,Oven
Oven,Oven,Oven
Oven,Oven,Oven
Oven,Oven,Oven
Oven,Oven,Oven
Oven,Oven,Oven
Oven,Oven,Oven
Oven,Oven,Oven
Oven,Oven,Oven
Oven,Oven,Oven
Oven,Oven,Oven
Oven,Oven,Oven
Oven,Oven,Oven
Oven,Oven,Oven
Oven,Oven,Oven
Oven,Oven,Oven
Oven,Oven,Oven
Oven,Oven,Oven
Oven,Oven,Oven
Oven,Oven,Oven
Oven,Oven,Oven
Oven,Oven,Oven
Oven,Oven,Oven
Oven,Oven,Oven
Oven,Oven,Oven
Oven,Oven,Oven
Oven,Oven,Oven
Oven,Oven,Oven
Oven,Oven,Oven
Oven,Oven,Oven
Oven,Oven,Oven
Oven,Oven,Oven
Oven,Oven,Oven
Oven,Oven,Oven
Oven,Oven,Oven
Oven,Oven,Oven
Oven,Oven,Oven
Oven,Oven,Oven
Oven,Oven,Oven
Oven,Oven,Oven
Oven,Oven,Oven
Oven,Oven,Oven
Oven,Oven,Oven
Oven,Oven,Oven
Oven,Oven,Oven
Oven,Oven,Oven
Oven,Oven,Oven
Oven,Oven,Oven
Oven,Oven,Oven
Oven,Oven,Oven
Oven,Oven,Oven
Oven,Oven,Oven
Oven,Oven,Oven
Oven,Oven,Oven
Oven,Oven,Oven
Oven,Oven,Oven
Oven,Oven,Oven
Oven,Oven,Oven
Oven,Oven,Oven
Oven,Oven,Oven
Oven,Oven,Oven
Oven,Oven,Oven
Oven,Oven,Oven
Oven,Oven,Oven
Oven,Oven,Oven
Oven,Oven,Oven
Oven,Oven,Oven
Oven,Oven,Oven
Oven,Oven,Oven
Oven,Oven,Oven
Oven,Oven,Oven
Oven,Oven,Oven
Oven,Oven,Oven
Oven,Oven,Oven
Oven,Oven,Oven
Oven,Oven,Oven
Oven,Oven,Oven
Oven,Oven,Oven
Oven,Oven,Oven
Oven,Oven,Oven
Oven,Oven,Oven
Oven,Oven,Oven
Oven,Oven,Oven
Oven,Oven,Oven
Oven,Oven,Oven
Oven,Oven,Oven
Oven,Oven,Oven
Oven,Oven,Oven
Oven,Oven,Oven
Oven,Oven,Oven
Oven,Oven,Oven
Oven,Oven,Oven
Oven,Oven,Oven
Oven,Oven,Oven
Oven,Oven,Oven
Oven,Oven,Oven
Oven,Oven,Oven
Oven,Oven,Oven
Oven,Oven,Oven
Oven,Oven,Oven
Oven,Oven,Oven
Oven,Oven,Oven
Oven,Oven,Oven
Oven,Oven,Oven
Oven,Oven,Oven
Oven,Oven,Oven
Oven,Oven,Oven
Oven,Oven,Oven
Oven,Oven,Oven
Oven,Oven,Oven
Oven,Oven,Oven
Oven,Oven,Oven
Oven,Oven,Oven
Oven,Oven,Oven
Oven,Oven,Oven
Oven,Oven,Oven
Oven,Oven,Oven
Oven,Oven,Oven
Oven,Oven,Oven
Oven,Oven,Oven
Oven,Oven,Oven
Oven,Oven,Oven
Oven,Oven,Oven
Oven,Oven,Oven
Oven,Oven,Oven
Oven,Oven,Oven
Oven,Oven,Oven
Oven,Oven,Oven
Oven,Oven,Oven
Oven,Oven,Oven
Oven,Oven,Oven
Oven,Oven,Oven
Oven,Oven,Oven
Oven,Oven,Oven
Oven,Oven,Oven
Oven,Oven,Oven
Oven,Oven,Oven
Oven,Oven,Oven
Oven,Oven,Oven
Oven,Oven,Oven
Oven,Oven,Oven
Oven,Oven,Oven
Oven,Oven,Oven
Oven,Oven,Oven
Oven,Oven,Oven
Oven,Oven,Oven
Oven,Oven,Oven
Oven,Oven,Oven
Oven,Oven,Oven
Oven,Oven,Oven
Oven,Oven,Oven
Oven,Oven,Oven
Oven,Oven,Oven
Oven,Oven,Oven
Oven,Oven,Oven
Oven,Oven,Oven
Oven,Oven,Oven
Oven,Oven,Oven
Oven,Oven,Oven
Oven,Oven,Oven
Oven,Oven,Oven
Oven,Oven,Oven
Oven,Oven,Oven
Oven,Oven,Oven
Oven,Oven,Oven
Oven,Oven,Oven
Oven,Oven,Oven
Oven,Oven,Oven
Oven,Oven,Oven
Oven,Oven,Oven
Oven,Oven,Oven
Oven,Oven,Oven
Oven,Oven,Oven
Oven,Oven,Oven
Oven,Oven,Oven
Oven,Oven,Oven
Oven,Oven,Oven
Oven,Oven,Oven
Oven,Oven,Oven
Oven,Oven,Oven
Oven,Oven,Oven
Oven,Oven,Oven
Oven,Oven,Oven
Oven,Oven,Oven
Oven,Oven,Oven
Oven,Oven,Oven
Oven,Oven,Oven
Oven,Oven,Oven
Oven,Oven,Oven
Oven,Oven,Oven
Oven,Oven,Oven
Oven,Oven,Oven
Oven,Oven,Oven
Oven,Oven,Oven
Oven,Oven,Oven
Oven,Oven,Oven
Oven,Oven,Oven
Oven,Oven,Oven
Oven,Oven,Oven
Oven,Oven,Oven
Oven,Oven,Oven
Oven,Oven,Oven
Oven,Oven,Oven
Oven,Oven,Oven
Oven,Oven,Oven
Oven,Oven,Oven
Oven,Oven,Oven
Oven,Oven,Oven
Oven,Oven,Oven
Oven,Oven,Oven
Oven,Oven,Oven
Oven,Oven,Oven
Oven,Oven,Oven
Oven,Oven,Oven
Oven,Oven,Oven
Oven,Oven,Oven
Oven,Oven,Oven
Oven,Oven,Oven
Oven,Oven,Oven
Oven,Oven,Oven
Oven,Oven,Oven
Oven,Oven,Oven
Oven,Oven,Oven
Oven,Oven,Oven
Oven,Oven,Oven
Oven,Oven,Oven
Oven,Oven,Oven
Oven,Oven,Oven
Oven,Oven,Oven
Oven,Oven,Oven
Oven,Oven,Oven
Oven,Oven,Oven
Oven,Oven,Oven
Oven,Oven,Oven
Oven,Oven,Oven
Oven,Oven,Oven
Oven,Oven,Oven
Oven,Oven,Oven
Oven,Oven,Oven
Oven,Oven,Oven
Oven,Oven,Oven
Oven,Oven,Oven
Oven,Oven,Oven
Oven,Oven,Oven
Oven,Oven,Oven
Oven,Oven,Oven
Oven,Oven,Oven
Oven,Oven,Oven
Oven,Oven,Oven
Oven,Oven,Oven
Oven,Oven,Oven
Oven,Oven,Oven
Oven,Oven,Oven
Oven,Oven,Oven
Oven,Oven,Oven
Oven,Oven,Oven
Oven,Oven,Oven
Oven,Oven,Oven
Oven,Oven,Oven
Oven,Oven,Oven
Oven,Oven,Oven
Oven,Oven,Oven
Oven,Oven,Oven
Oven,Oven,Oven
Oven,Oven,Oven
Oven,Oven,Oven
Oven,Oven,Oven
Oven,Oven,Oven
Oven,Oven,Oven
Oven,Oven,Oven
Oven,Oven,Oven
Oven,Oven,Oven
Oven,Oven,Oven
Oven,Oven,Oven
Oven,Oven,Oven
Oven,Oven,Oven
Oven,Oven,Oven
Oven,Oven,Oven
Oven,Oven,Oven
Oven,Oven,Oven
Oven,Oven,Oven
Oven,Oven,Oven
Oven,Oven,Oven
Oven,Oven,Oven
Oven,Oven,Oven
Oven,Oven,Oven
Oven,Oven,Oven
Oven,Oven,Oven
Oven,Oven,Oven
Oven,Oven,Oven
Oven,Oven,Oven
Oven,Oven,Oven
Oven,Oven,Oven
Oven,Oven,Oven
Oven,Oven,Oven
Oven,Oven,Oven
Oven,Oven,Oven
Oven,Oven,Oven
Oven,Oven,Oven
Oven,Oven,Oven
Oven,Oven,Oven
Oven,Oven,Oven
Oven,Oven,Oven
Oven,Oven,Oven
Oven,Oven,Oven
Oven,Oven,Oven
Oven,Oven,Oven
Oven,Oven,Oven
Oven,Oven,Oven
Oven,Oven,Oven
Oven,Oven,Oven
Oven,Oven,Oven
Oven,Oven,Oven
Oven,Oven,Oven
Oven,Oven,Oven
Oven,Oven,Oven
Oven,Oven,Oven
Oven,Oven,Oven
Oven,Oven,Oven
Oven,Oven,Oven
Oven,Oven,Oven
Oven,Oven,Oven
Oven,Oven,Oven
Oven,Oven,Oven
Oven,Oven,Oven
Oven,Oven,Oven
Oven,Oven,Oven
Oven,Oven,Oven
Oven,Oven,Oven
Oven,Oven,Oven
Oven,Oven,Oven
Oven,Oven,Oven
Oven,Oven,Oven
Oven,Oven,Oven
Oven,Oven,Oven
Oven,Oven,Oven
Oven,Oven,Oven
Oven,Oven,Oven
Oven,Oven,Oven
Oven,Oven,Oven
Oven,Oven,Oven
Oven,Oven,Oven
Oven,Oven,Oven
Oven,Oven,Oven
Oven,Oven,Oven
Oven,Oven,Oven
Oven,Oven,Oven
Oven,Oven,Oven
Oven,Oven,Oven
Oven,Oven,Oven
Oven,Oven,Oven
Oven,Oven,Oven
Oven,Oven,Oven
Oven,Oven,Oven
Oven,Oven,Oven
Oven,Oven,Oven
Oven,Oven,Oven
Oven,Oven,Oven
Oven,Oven,Oven
Oven,Oven,Oven
Oven,Oven,Oven
Oven,Oven,Oven
Oven,Oven,Oven
Oven,Oven,Oven
Oven,Oven,Oven
Oven,Oven,Oven
Oven,Oven,Oven
Oven,Oven,Oven
Oven,Oven,Oven
Oven,Oven,Oven
Oven,Oven,Oven
Oven,Oven,Oven
Oven,Oven,Oven
Oven,Oven,Oven
Oven,Oven,Oven
Oven,Oven,Oven
Oven,Oven,Oven
Oven,Oven,Oven
Oven,Oven,Oven
Oven,Oven,Oven
Oven,Oven,Oven
Oven,Oven,Oven
Oven,Oven,Oven
Oven,Oven,Oven
Oven,Oven,Oven
Oven,Oven,Oven
Oven,Oven,Oven
Oven,Oven,Oven
Oven,Oven,Oven
Oven,Oven,Oven
Oven,Oven,Oven
Oven,Oven,Oven
Oven,Oven,Oven
Oven,Oven,Oven
Oven,Oven,Oven
Oven,Oven,Oven
Oven,Oven,Oven
Oven,Oven,Oven
Oven,Oven,Oven
Oven,Oven,Oven
Oven,Oven,Oven
Oven,Oven,Oven
Oven,Oven,Oven
Oven,Oven,Oven
Oven,Oven,Oven
Oven,Oven,Oven
Oven,Oven,Oven
Oven,Oven,Oven
Oven,Oven,Oven
Oven,Oven,Oven
Oven,Oven,Oven
Oven,Oven,Oven
Oven,Oven,Oven
Oven,Oven,Oven
Oven,Oven,Oven
Oven,Oven,Oven
Oven,Oven,Oven
Oven,Oven,Oven
Oven,Oven,Oven
Oven,Oven,Oven
Oven,Oven,Oven
Oven,Oven,Oven
Oven,Oven,Oven
Oven,Oven,Oven
Oven,Oven,Oven
Oven,Oven,Oven
Oven,Oven,Oven
Oven,Oven,Oven
Oven,Oven,Oven
Oven,Oven,Oven
Oven,Oven,Oven
Oven,Oven,Oven
Oven,Oven,Oven
Oven,Oven,Oven
Oven,Oven,Oven
Oven,Oven,Oven
Oven,Oven,Oven
Oven,Oven,Oven
Oven,Oven,Oven
Oven,Oven,Oven
Oven,Oven,Oven
Oven,Oven,Oven
Oven,Oven,Oven
Oven,Oven,Oven
Oven,Oven,Oven
Oven,Oven,Oven
Oven,Oven,Oven
Oven,Oven,Oven
Oven,Oven,Oven
Oven,Oven,Oven
Oven,Oven,Oven
Oven,Oven,Oven
Oven,Oven,Oven
Oven,Oven,Oven
Oven,Oven,Oven
Oven,Oven,Oven
Oven,Oven,Oven
Oven,Oven,Oven
Oven,Oven,Oven
Oven,Oven,Oven
Oven,Oven,Oven
Oven,Oven,Oven
Oven,Oven,Oven
Oven,Oven,Oven
Oven,Oven,Oven
Oven,Oven,Oven
Oven,Oven,Oven
Oven,Oven,Oven
Oven,Oven,Oven
Oven,Oven,Oven
Oven,Oven,Oven
Oven,Oven,Oven
Oven,Oven,Oven
Oven,Oven,Oven
Oven,Oven,Oven
Oven,Oven,Oven
Oven,Oven,Oven
Oven,Oven,Oven
Oven,Oven,Oven
Oven,Oven,Oven
Oven,Oven,Oven
Oven,Oven,Oven
Oven,Oven,Oven
Oven,Oven,Oven
Oven,Oven,Oven
Oven,Oven,Oven
Oven,Oven,Oven
Oven,Oven,Oven
Oven,Oven,Oven
Oven,Oven,Oven
Oven,Oven,Oven
Oven,Oven,Oven
Oven,Oven,Oven
Oven,Oven,Oven
Oven,Oven,Oven
Oven,Oven,Oven
Oven,Oven,Oven
Oven,Oven,Oven
Oven,Oven,Oven
Oven,Oven,Oven
Oven,Oven,Oven
Oven,Oven,Oven
Oven,Oven,Oven
Oven,Oven,Oven
Oven,Oven,Oven
Oven,Oven,Oven
Oven,Oven,Oven
Oven,Oven,Oven
Oven,Oven,Oven
Oven,Oven,Oven
Oven,Oven,Oven
Oven,Oven,Oven
Oven,Oven,Oven
Oven,Oven,Oven
Oven,Oven,Oven
Oven,Oven,Oven
Oven,Oven,Oven
Oven,Oven,Oven
Oven,Oven,Oven
Oven,Oven,Oven
Oven,Oven,Oven
Oven,Oven,Oven
Oven,Oven,Oven
Oven,Oven,Oven
Oven,Oven,Oven
Oven,Oven,Oven
Oven,Oven,Oven
Oven,Oven,Oven
Oven,Oven,Oven
Oven,Oven,Oven
Oven,Oven,Oven
Oven,Oven,Oven
Oven,Oven,Oven
Oven,Oven,Oven
Oven,Oven,Oven
Oven,Oven,Oven
Oven,Oven,Oven
Oven,Oven,Oven
Oven,Oven,Oven
Oven,Oven,Oven
Oven,Oven,Oven
Oven,Oven,Oven
Oven,Oven,Oven
Oven,Oven,Oven
Oven,Oven,Oven
Oven,Oven,Oven
Oven,Oven,Oven
Oven,Oven,Oven
Oven,Oven,Oven
Oven,Oven,Oven
Oven,Oven,Oven
Oven,Oven,Oven
Oven,Oven,Oven
Oven,Oven,Oven
Oven,Oven,Oven
Oven,Oven,Oven
Oven,Oven,Oven
Oven,Oven,Oven
Oven,Oven,Oven
Oven,Oven,Oven
Oven,Oven,Oven
Oven,Oven,Oven
Oven,Oven,Oven
Oven,Oven,Oven
Oven,Oven,Oven
Oven,Oven,Oven
Oven,Oven,Oven
Oven,Oven,Oven
Oven,Oven,Oven
Oven,Oven,Oven
Oven,Oven,Oven
Oven,Oven,Oven
Oven,Oven,Oven
Oven,Oven,Oven
Oven,Oven,Oven
Oven,Oven,Oven
Oven,Oven,Oven
Oven,Oven,Oven
Oven,Oven,Oven
Oven,Oven,Oven
Oven,Oven,Oven
Oven,Oven,Oven
Oven,Oven,Oven
Oven,Oven,Oven
Oven,Oven,Oven
Oven,Oven,Oven
Oven,Oven,Oven
Oven,Oven,Oven
Oven,Oven,Oven
Oven,Oven,Oven
Oven,Oven,Oven
Oven,Oven,Oven
Oven,Oven,Oven
Oven,Oven,Oven
Oven,Oven,Oven
Oven,Oven,Oven
Oven,Oven,Oven
Oven,Oven,Oven
Oven,Oven,Oven
Oven,Oven,Oven
Oven,Oven,Oven
Oven,Oven,Oven
Oven,Oven,Oven
Oven,Oven,Oven
Oven,Oven,Oven
Oven,Oven,Oven
Oven,Oven,Oven
Oven,Oven,Oven
Oven,Oven,Oven
Oven,Oven,Oven
Oven,Oven,Oven
Oven,Oven,Oven
Oven,Oven,Oven
Oven,Oven,Oven
Oven,Oven,Oven
Oven,Oven,Oven
Oven,Oven,Oven
Oven,Oven,Oven
Oven,Oven,Oven
Oven,Oven,Oven
Oven,Oven,Oven
Oven,Oven,Oven
Oven,Oven,Oven
Oven,Oven,Oven
Oven,Oven,Oven
Oven,Oven,Oven
Oven,Oven,Oven
Oven,Oven,Oven
Oven,Oven,Oven
Oven,Oven,Oven
Oven,Oven,Oven
Oven,Oven,Oven
Oven,Oven,Oven
Oven,Oven,Oven
Oven,Oven,Oven
Oven,Oven,Oven
Oven,Oven,Oven
Oven,Oven,Oven
Oven,Oven,Oven
Oven,Oven,Oven
Oven,Oven,Oven
Oven,Oven,Oven
Oven,Oven,Oven
Oven,Oven,Oven
Oven,Oven,Oven
Oven,Oven,Oven
Oven,Oven,Oven
Oven,Oven,Oven
Oven,Oven,Oven
Oven,Oven,Oven
Oven,Oven,Oven
Oven,Oven,Oven
Oven,Oven,Oven
Oven,Oven,Oven
Oven,Oven,Oven
Oven,Oven,Oven
Oven,Oven,Oven
Oven,Oven,Oven
Oven,Oven,Oven
Oven,Oven,Oven
Oven,Oven,Oven
Oven,Oven,Oven
Oven,Oven,Oven
Oven,Oven,Oven
Oven,Oven,Oven
Oven,Oven,Oven
Oven,Oven,Oven
Oven,Oven,Oven
Oven,Oven,Oven
Oven,Oven,Oven
Oven,Oven,Oven
Oven,Oven,Oven
Oven,Oven,Oven
Oven,Oven,Oven
Oven,Oven,Oven
Oven,Oven,Oven
Oven,Oven,Oven
Oven,Oven,Oven
Oven,Oven,Oven
Oven,Oven,Oven
Oven,Oven,Oven
Oven,Oven,Oven
Oven,Oven,Oven
Oven,Oven,Oven
Oven,Oven,Oven
Oven,Oven,Oven
Oven,Oven,Oven
Oven,Oven,Oven
Oven,Oven,Oven
Oven,Oven,Oven
Oven,Oven,Oven
Oven,Oven,Oven
Oven,Oven,Oven
Oven,Oven,Oven
Oven,Oven,Oven
Oven,Oven,Oven
Oven,Oven,Oven
Oven,Oven,Oven
Oven,Oven,Oven
Oven,Oven,Oven
Oven,Oven,Oven
Oven,Oven,Oven
Oven,Oven,Oven
Oven,Oven,Oven
Oven,Oven,Oven
Oven,Oven,Oven
Oven,Oven,Oven
Oven,Oven,Oven
Oven,Oven,Oven
Oven,Oven,Oven
Oven,Oven,Oven
Oven,Oven,Oven
Oven,Oven,Oven
Oven,Oven,Oven
Oven,Oven,Oven
Oven,Oven,Oven
Oven,Oven,Oven
Oven,Oven,Oven
Oven,Oven,Oven
Oven,Oven,Oven
Oven,Oven,Oven
Oven,Oven,Oven
Oven,Oven,Oven
Oven,Oven,Oven
Oven,Oven,Oven
Oven,Oven,Oven
Oven,Oven,Oven
Oven,Oven,Oven
Oven,Oven,Oven
Oven,Oven,Oven
Oven,Oven,Oven
Oven,Oven,Oven
Oven,Oven,Oven
Oven,Oven,Oven
Oven,Oven,Oven
Oven,Oven,Oven
Oven,Oven,Oven
Oven,Oven,Oven
Oven,Oven,Oven
Oven,Oven,Oven
Oven,Oven,Oven
Oven,Oven,Oven
Oven,Oven,Oven
Oven,Oven,Oven
Oven,Oven,Oven
Oven,Oven,Oven
Oven,Oven,Oven
Oven,Oven,Oven
Oven,Oven,Oven
Oven,Oven,Oven
Oven,Oven,Oven
Oven,Oven,Oven
Oven,Oven,Oven
Oven,Oven,Oven
Oven,Oven,Oven
Oven,Oven,Oven
Oven,Oven,Oven
Oven,Oven,Oven
Oven,Oven,Oven
Oven,Oven,Oven
Oven,Oven,Oven
Oven,Oven,Oven
Oven,Oven,Oven
Oven,Oven,Oven
Oven,Oven,Oven
Oven,Oven,Oven
Oven,Oven,Oven
Oven,Oven,Oven
Oven,Oven,Oven
Oven,Oven,Oven
Oven,Oven,Oven
Oven,Oven,Oven
Oven,Oven,Oven
Oven,Oven,Oven
Oven,Oven,Oven
Oven,Oven,Oven
Oven,Oven,Oven
Oven,Oven,Oven
Oven,Oven,Oven
Oven,Oven,Oven
Oven,Oven,Oven
Oven,Oven,Oven
Oven,Oven,Oven
Oven,Oven,Oven
Oven,Oven,Oven
Oven,Oven,Oven
Oven,Oven,Oven
Oven,Oven,Oven
Oven,Oven,Oven
Oven,Oven,Oven
Oven,Oven,Oven
Oven,Oven,Oven
Oven,Oven,Oven
Oven,Oven,Oven
Oven,Oven,Oven
Oven,Oven,Oven
Oven,Oven,Oven
Oven,Oven,Oven
Oven,Oven,Oven
Oven,Oven,Oven
Oven,Oven,Oven
Oven,Oven,Oven
Oven,Oven,Oven
Oven,Oven,Oven
Oven,Oven,Oven
Oven,Oven,Oven
Oven,Oven,Oven
Oven,Oven,Oven
Oven,Oven,Oven
Oven,Oven,Oven
Oven,Oven,Oven
Oven,Oven,Oven
Oven,Oven,Oven
Oven,Oven,Oven
Oven,Oven,Oven
Oven,Oven,Oven
Oven,Oven,Oven
Oven,Oven,Oven
Oven,Oven,Oven
Oven,Oven,Oven
Oven,Oven,Oven
Oven,Oven,Oven
Oven,Oven,Oven
Oven,Oven,Oven
Oven,Oven,Oven
Oven,Oven,Oven
Oven,Oven,Oven
Oven,Oven,Oven
Oven,Oven,Oven
Oven,Oven,Oven
Oven,Oven,Oven
Oven,Oven,Oven
Oven,Oven,Oven
Oven,Oven,Oven
Oven,Oven,Oven
Oven,Oven,Oven
Oven,Oven,Oven
Oven,Oven,Oven
Oven,Oven,Oven
Oven,Oven,Oven
Oven,Oven,Oven
Oven,Oven,Oven
Oven,Oven,Oven
Oven,Oven,Oven
Oven,Oven,Oven
Oven,Oven,Oven
Oven,Oven,Oven
Oven,Oven,Oven
Oven,Oven,Oven
Oven,Oven,Oven
Oven,Oven,Oven
Oven,Oven,Oven
Oven,Oven,Oven
Oven,Oven,Oven
Oven,Oven,Oven
Oven,Oven,Oven
Oven,Oven,Oven
Oven,Oven,Oven
Oven,Oven,Oven
Oven,Oven,Oven
Oven,Oven,Oven
Oven,Oven,Oven
Oven,Oven,Oven
Oven,Oven,Oven
Oven,Oven,Oven
Oven,Oven,Oven
Oven,Oven,Oven
Oven,Oven,Oven
Oven,Oven,Oven
Oven,Oven,Oven
Oven,Oven,Oven
Oven,Oven,Oven
Oven,Oven,Oven
Oven,Oven,Oven
Oven,Oven,Oven
Oven,Oven,Oven
Oven,Oven,Oven
Oven,Oven,Oven
Oven,Oven,Oven
Oven,Oven,Oven
Oven,Oven,Oven
Oven,Oven,Oven
Oven,Oven,Oven
Oven,Oven,Oven
Oven,Oven,Oven
Oven,Oven,Oven
Oven,Oven,Oven
Oven,Oven,Oven
Oven,Oven,Oven
Oven,Oven,Oven
Oven,Oven,Oven
Oven,Oven,Oven
Oven,Oven,Oven
Oven,Oven,Oven
Oven,Oven,Oven
Oven,Oven,Oven
Oven,Oven,Oven
Oven,Oven,Oven
Oven,Oven,Oven
Oven,Oven,Oven
Oven,Oven,Oven
Oven,Oven,Oven
Oven,Oven,Oven
Oven,Oven,Oven
Oven,Oven,Oven
Oven,Oven,Oven
Oven,Oven,Oven
Oven,Oven,Oven
Oven,Oven,Oven
Oven,Oven,Oven
Oven,Oven,Oven
Oven,Oven,Oven
Oven,Oven,Oven
Oven,Oven,Oven
Oven,Oven,Oven
Oven,Oven,Oven
Oven,Oven,Oven
Oven,Oven,Oven
Oven,Oven,Oven
Oven,Oven,Oven
Oven,Oven,Oven
Oven,Oven,Oven
Oven,Oven,Oven
Oven,Oven,Oven
Oven,Oven,Oven
Oven,Oven,Oven
Oven,Oven,Oven
Oven,Oven,Oven
Oven,Oven,Oven
Oven,Oven,Oven
Oven,Oven,Oven
Oven,Oven,Oven
Oven,Oven,Oven
Oven,Oven,Oven
Oven,Oven,Oven
Oven,Oven,Oven
Oven,Oven,Oven
Oven,Oven,Oven
Oven,Oven,Oven
Oven,Oven,Oven
Oven,Oven,Oven
Oven,Oven,Oven
Oven,Oven,Oven
Oven,Oven,Oven
Oven,Oven,Oven
Oven,Oven,Oven
Oven,Oven,Oven
Oven,Oven,Oven
Oven,Oven,Oven
Oven,Oven,Oven
Oven,Oven,Oven
Oven,Oven,Oven
Oven,Oven,Oven
Oven,Oven,Oven
Oven,Oven,Oven
Oven,Oven,Oven
Oven,Oven,Oven
Oven,Oven,Oven
Oven,Oven,Oven
Oven,Oven,Oven
Oven,Oven,Oven
Oven,Oven,Oven
Oven,Oven,Oven
Oven,Oven,Oven
Oven,Oven,Oven
Oven,Oven,Oven
Oven,Oven,Oven
Oven,Oven,Oven
Oven,Oven,Oven
Oven,Oven,Oven
Oven,Oven,Oven
Oven,Oven,Oven
Oven,Oven,Oven
Oven,Oven,Oven
Oven,Oven,Oven
Oven,Oven,Oven
Oven,Oven,Oven
Oven,Oven,Oven
Oven,Oven,Oven
Oven,Oven,Oven
Oven,Oven,Oven
Oven,Oven,Oven
Oven,Oven,Oven
Oven,Oven,Oven
Oven,Oven,Oven
Oven,Oven,Oven
Oven,Oven,Oven
Oven,Oven,Oven
Oven,Oven,Oven
Oven,Oven,Oven
Oven,Oven,Oven
Oven,Oven,Oven
Oven,Oven,Oven
Oven,Oven,Oven
Oven,Oven,Oven
Oven,Oven,Oven
Oven,Oven,Oven
Oven,Oven,Oven
Oven,Oven,Oven
Oven,Oven,Oven
Oven,Oven,Oven
Oven,Oven,Oven
Oven,Oven,Oven
Oven,Oven,Oven
Oven,Oven,Oven
Oven,Oven,Oven
Oven,Oven,Oven
Oven,Oven,Oven
Oven,Oven,Oven
Oven,Oven,Oven
Oven,Oven,Oven
Oven,Oven,Oven
Oven,Oven,Oven
Oven,Oven,Oven
Oven,Oven,Oven
Oven,Oven,Oven
Oven,Oven,Oven
Oven,Oven,Oven
Oven,Oven,Oven
Oven,Oven,Oven
Oven,Oven,Oven
Oven,Oven,Oven
Oven,Oven,Oven
Oven,Oven,Oven
Oven,Oven,Oven
Oven,Oven,Oven
Oven,Oven,Oven
Oven,Oven,Oven
Oven,Oven,Oven
Oven,Oven,Oven
Oven,Oven,Oven
Oven,Oven,Oven
Oven,Oven,Oven
Oven,Oven,Oven
Oven,Oven,Oven
Oven,Oven,Oven
Oven,Oven,Oven
Oven,Oven,Oven
Oven,Oven,Oven
Oven,Oven,Oven
Oven,Oven,Oven
Oven,Oven,Oven
Oven,Oven,Oven
Oven,Oven,Oven
Oven,Oven,Oven
Oven,Oven,Oven
Oven,Oven,Oven
Oven,Oven,Oven
Oven,Oven,Oven
Oven,Oven,Oven
Oven,Oven,Oven
Oven,Oven,Oven
Oven,Oven,Oven
Oven,Oven,Oven
Oven,Oven,Oven
Oven,Oven,Oven
Oven,Oven,Oven
Oven,Oven,Oven
Oven,Oven,Oven
Oven,Oven,Oven
Oven,Oven,Oven
Oven,Oven,Oven
Oven,Oven,Oven
Oven,Oven,Oven
Oven,Oven,Oven
Oven,Oven,Oven
Oven,Oven,Oven
Oven,Oven,Oven
Oven,Oven,Oven
Oven,Oven,Oven
Oven,Oven,Oven
Oven,Oven,Oven
Oven,Oven,Oven
Oven,Oven,Oven
Oven,Oven,Oven
Oven,Oven,Oven
Oven,Oven,Oven
Oven,Oven,Oven
Oven,Oven,Oven
Oven,Oven,Oven
Oven,Oven,Oven
Oven,Oven,Oven
Oven,Oven,Oven
Oven,Oven,Oven
Oven,Oven,Oven
Oven,Oven,Oven
Oven,Oven,Oven
Oven,Oven,Oven
Oven,Oven,Oven
Oven,Oven,Oven
Oven,Oven,Oven
Oven,Oven,Oven
Oven,Oven,Oven
Oven,Oven,Oven
Oven,Oven,Oven
Oven,Oven,Oven
Oven,Oven,Oven
Oven,Oven,Oven
Oven,Oven,Oven
Oven,Oven,Oven
Oven,Oven,Oven
Oven,Oven,Oven
Oven,Oven,Oven
Oven,Oven,Oven
Oven,Oven,Oven
Oven,Oven,Oven
Oven,Oven,Oven
Oven,Oven,Oven
Oven,Oven,Oven
Oven,Oven,Oven
Oven,Oven,Oven
Oven,Oven,Oven
Oven,Oven,Oven
Oven,Oven,Oven
Oven,Oven,Oven
Oven,Oven,Oven
Oven,Oven,Oven
Oven,Oven,Oven
Oven,Oven,Oven
Oven,Oven,Oven
Oven,Oven,Oven
Oven,Oven,Oven
Oven,Oven,Oven
Oven,Oven,Oven
Oven,Oven,Oven
Oven,Oven,Oven
Oven,Oven,Oven
Oven,Oven,Oven
Oven,Oven,Oven
Oven,Oven,Oven
Oven,Oven,Oven
Oven,Oven,Oven
Oven,Oven,Oven
Oven,Oven,Oven
Oven,Oven,Oven
Oven,Oven,Oven
Oven,Oven,Oven
Oven,Oven,Oven
Oven,Oven,Oven
Oven,Oven,Oven
Oven,Oven,Oven
Oven,Oven,Oven
Oven,Oven,Oven
Oven,Oven,Oven
Oven,Oven,Oven
Oven,Oven,Oven
Oven,Oven,Oven
Oven,Oven,Oven
Oven,Oven,Oven
Oven,Oven,Oven
Oven,Oven,Oven
Oven,Oven,Oven
Oven,Oven,Oven
Oven,Oven,Oven
Oven,Oven,Oven
Oven,Oven,Oven
Oven,Oven,Oven
Oven,Oven,Oven
Oven,Oven,Oven
Oven,Oven,Oven
Oven,Oven,Oven
Oven,Oven,Oven
Oven,Oven,Oven
Oven,Oven,Oven
Oven,Oven,Oven
Oven,Oven,Oven
Oven,Oven,Oven
Oven,Oven,Oven
Oven,Oven,Oven
Oven,Oven,Oven
Oven,Oven,Oven
Oven,Oven,Oven
Oven,Oven,Oven
Oven,Oven,Oven
Oven,Oven,Oven
Oven,Oven,Oven
Oven,Oven,Oven
Oven,Oven,Oven
Oven,Oven,Oven
Oven,Oven,Oven
Oven,Oven,Oven
Oven,Oven,Oven
Oven,Oven,Oven
Oven,Oven,Oven
Oven,Oven,Oven
Oven,Oven,Oven
Oven,Oven,Oven
Oven,Oven,Oven
Oven,Oven,Oven
Oven,Oven,Oven
Oven,Oven,Oven
Oven,Oven,Oven
Oven,Oven,Oven
Oven,Oven,Oven
Oven,Oven,Oven
Oven,Oven,Oven
Oven,Oven,Oven
Oven,Oven,Oven
Oven,Oven,Oven
Oven,Oven,Oven
Oven,Oven,Oven
Oven,Oven,Oven
Oven,Oven,Oven
Oven,Oven,Oven
Oven,Oven,Oven
Oven,Oven,Oven
Oven,Oven,Oven
Oven,Oven,Oven
Oven,Oven,Oven
Oven,Oven,Oven
Oven,Oven,Oven
Oven,Oven,Oven
Oven,Oven,Oven
Oven,Oven,Oven
Oven,Oven,Oven
Oven,Oven,Oven
Oven,Oven,Oven
Oven,Oven,Oven
Oven,Oven,Oven
Oven,Oven,Oven
Oven,Oven,Oven
Oven,Oven,Oven
Oven,Oven,Oven
Oven,Oven,Oven
Oven,Oven,Oven
Oven,Oven,Oven
Oven,Oven,Oven
Oven,Oven,Oven
Oven,Oven,Oven
Oven,Oven,Oven
Oven,Oven,Oven
Oven,Oven,Oven
Oven,Oven,Oven
Oven,Oven,Oven
Oven,Oven,Oven
Oven,Oven,Oven
Oven,Oven,Oven
Oven,Oven,Oven
Oven,Oven,Oven
Oven,Oven,Oven
Oven,Oven,Oven
Oven,Oven,Oven
Oven,Oven,Oven
Oven,Oven,Oven
Oven,Oven,Oven
Oven,Oven,Oven
Oven,Oven,Oven
Oven,Oven,Oven
Oven,Oven,Oven
Oven,Oven,Oven
Oven,Oven,Oven
Oven,Oven,Oven
Oven,Oven,Oven
Oven,Oven,Oven
Oven,Oven,Oven
Oven,Oven,Oven
Oven,Oven,Oven
Oven,Oven,Oven
Oven,Oven,Oven
Oven,Oven,Oven
Oven,Oven,Oven
Oven,Oven,Oven
Oven,Oven,Oven
Oven,Oven,Oven
Oven,Oven,Oven
Oven,Oven,Oven
Oven,Oven,Oven
Oven,Oven,Oven
Oven,Oven,Oven
Oven,Oven,Oven
Oven,Oven,Oven
Oven,Oven,Oven
Oven,Oven,Oven
Oven,Oven,Oven
Oven,Oven,Oven
Oven,Oven,Oven
Oven,Oven,Oven
Oven,Oven,Oven
Oven,Oven,Oven
Oven,Oven,Oven
Oven,Oven,Oven
Oven,Oven,Oven
Oven,Oven,Oven
Oven,Oven,Oven
Oven,Oven,Oven
Oven,Oven,Oven
Oven,Oven,Oven
Oven,Oven,Oven
Oven,Oven,Oven
Oven,Oven,Oven
Oven,Oven,Oven
Oven,Oven,Oven
Oven,Oven,Oven
Oven,Oven,Oven
Oven,Oven,Oven
Oven,Oven,Oven
Oven,Oven,Oven
Oven,Oven,Oven
Oven,Oven,Oven
Oven,Oven,Oven
Oven,Oven,Oven
Oven,Oven,Oven
Oven,Oven,Oven
Oven,Oven,Oven
Oven,Oven,Oven
Oven,Oven,Oven
Oven,Oven,Oven
Oven,Oven,Oven
Oven,Oven,Oven
Oven,Oven,Oven
Oven,Oven,Oven
Oven,Oven,Oven
Oven,Oven,Oven
Oven,Oven,Oven
Oven,Oven,Oven
Oven,Oven,Oven
Oven,Oven,Oven
Oven,Oven,Oven
Oven,Oven,Oven
Oven,Oven,Oven
Oven,Oven,Oven
Oven,Oven,Oven
Oven,Oven,Oven
Oven,Oven,Oven
Oven,Oven,Oven
Oven,Oven,Oven
Oven,Oven,Oven
Oven,Oven,Oven
Oven,Oven,Oven
Oven,Oven,Oven
Oven,Oven,Oven
Oven,Oven,Oven
Oven,Oven,Oven
Oven,Oven,Oven
Oven,Oven,Oven
Oven,Oven,Oven
Oven,Oven,Oven
Oven,Oven,Oven
Oven,Oven,Oven
Oven,Oven,Oven
Oven,Oven,Oven
Oven,Oven,Oven
Oven,Oven,Oven
Oven,Oven,Oven
Oven,Oven,Oven
Oven,Oven,Oven
Oven,Oven,Oven
Oven,Oven,Oven
Oven,Oven,Oven
Oven,Oven,Oven
Oven,Oven,Oven
Oven,Oven,Oven
Oven,Oven,Oven
Oven,Oven,Oven
Oven,Oven,Oven
Oven,Oven,Oven
Oven,Oven,Oven
Oven,Oven,Oven
Oven,Oven,Oven
Oven,Oven,Oven
Oven,Oven,Oven
Oven,Oven,Oven
Oven,Oven,Oven
Oven,Oven,Oven
Oven,Oven,Oven
Oven,Oven,Oven
Oven,Oven,Oven
Oven,Oven,Oven
Oven,Oven,Oven
Oven,Oven,Oven
Oven,Oven,Oven
Oven,Oven,Oven
Oven,Oven,Oven
Oven,Oven,Oven
Oven,Oven,Oven
Oven,Oven,Oven
Oven,Oven,Oven
Oven,Oven,Oven
Oven,Oven,Oven
Oven,Oven,Oven
Oven,Oven,Oven
Oven,Oven,Oven
Oven,Oven,Oven
Oven,Oven,Oven
Oven,Oven,Oven
Oven,Oven,Oven
Oven,Oven,Oven
Oven,Oven,Oven
Oven,Oven,Oven
Oven,Oven,Oven
Oven,Oven,Oven
Oven,Oven,Oven
Oven,Oven,Oven
Oven,Oven,Oven
Oven,Oven,Oven
Oven,Oven,Oven
Oven,Oven,Oven
Oven,Oven,Oven
Oven,Oven,Oven
Oven,Oven,Oven
Oven,Oven,Oven
Oven,Oven,Oven
Oven,Oven,Oven
Oven,Oven,Oven
Oven,Oven,Oven
Oven,Oven,Oven
Oven,Oven,Oven
Oven,Oven,Oven
Oven,Oven,Oven
Oven,Oven,Oven
Oven,Oven,Oven
Oven,Oven,Oven
Oven,Oven,Oven
Oven,Oven,Oven
Oven,Oven,Oven
Oven,Oven,Oven
Oven,Oven,Oven
Oven,Oven,Oven
Oven,Oven,Oven
Oven,Oven,Oven
Oven,Oven,Oven
Oven,Oven,Oven
Oven,Oven,Oven
Oven,Oven,Oven
Oven,Oven,Oven
Oven,Oven,Oven
Oven,Oven,Oven
Oven,Oven,Oven
Oven,Oven,Oven
Oven,Oven,Oven
Oven,Oven,Oven
Oven,Oven,Oven
Oven,Oven,Oven
Oven,Oven,Oven
Oven,Oven,Oven
Oven,Oven,Oven
Oven,Oven,Oven
Oven,Oven,Oven
Oven,Oven,Oven
Oven,Oven,Oven
Oven,Oven,Oven
Oven,Oven,Oven
Oven,Oven,Oven
Oven,Oven,Oven
Oven,Oven,Oven
Oven,Oven,Oven
Oven,Oven,Oven
Oven,Oven,Oven
Oven,Oven,Oven
Oven,Oven,Oven
Oven,Oven,Oven
Oven,Oven,Oven
Oven,Oven,Oven
Oven,Oven,Oven
Oven,Oven,Oven
Oven,Oven,Oven
Oven,Oven,Oven
Oven,Oven,Oven
Oven,Oven,Oven
Oven,Oven,Oven
Oven,Oven,Oven
Oven,Oven,Oven
Oven,Oven,Oven
Oven,Oven,Oven
Oven,Oven,Oven
Oven,Oven,Oven
Oven,Oven,Oven
Oven,Oven,Oven
Oven,Oven,Oven
Oven,Oven,Oven
Oven,Oven,Oven
Oven,Oven,Oven
Oven,Oven,Oven
Oven,Oven,Oven
Oven,Oven,Oven
Oven,Oven,Oven
Oven,Oven,Oven
Oven,Oven,Oven
Oven,Oven,Oven
Oven,Oven,Oven
Oven,Oven,Oven
Oven,Oven,Oven
Oven,Oven,Oven
Oven,Oven,Oven
Oven,Oven,Oven
Oven,Oven,Oven
Oven,Oven,Oven
Oven,Oven,Oven
Oven,Oven,Oven
Oven,Oven,Oven
Oven,Oven,Oven
Oven,Oven,Oven
Oven,Oven,Oven
Oven,Oven,Oven
Oven,Oven,Oven
Oven,Oven,Oven
Oven,Oven,Oven
Oven,Oven,Oven
Oven,Oven,Oven
Oven,Oven,Oven
Oven,Oven,Oven
Oven,Oven,Oven
Oven,Oven,Oven
Oven,Oven,Oven
Oven,Oven,Oven
Oven,Oven,Oven
Oven,Oven,Oven
Oven,Oven,Oven
Oven,Oven,Oven
Oven,Oven,Oven
Oven,Oven,Oven
Oven,Oven,Oven
Oven,Oven,Oven
Oven,Oven,Oven
Oven,Oven,Oven
Oven,Oven,Oven
Oven,Oven,Oven
Oven,Oven,Oven
Oven,Oven,Oven
Oven,Oven,Oven
Oven,Oven,Oven
Oven,Oven,Oven
Oven,Oven,Oven
Oven,Oven,Oven
Oven,Oven,Oven
Oven,Oven,Oven
Oven,Oven,Oven
Oven,Oven,Oven
Oven,Oven,Oven
Oven,Oven,Oven
Oven,Oven,Oven
Oven,Oven,Oven
Oven,Oven,Oven
Oven,Oven,Oven
Oven,Oven,Oven
Oven,Oven,Oven
Oven,Oven,Oven
Oven,Oven,Oven
Oven,Oven,Oven
Oven,Oven,Oven
Oven,Oven,Oven
Oven,Oven,Oven
Oven,Oven,Oven
Oven,Oven,Oven
Oven,Oven,Oven
Oven,Oven,Oven
Oven,Oven,Oven
Oven,Oven,Oven
Oven,Oven,Oven
Oven,Oven,Oven
Oven,Oven,Oven
Oven,Oven,Oven
Oven,Oven,Oven
Oven,Oven,Oven
Oven,Oven,Oven
Oven,Oven,Oven
Oven,Oven,Oven
Oven,Oven,Oven
Oven,Oven,Oven
Oven,Oven,Oven
Oven,Oven,Oven
Oven,Oven,Oven
Oven,Oven,Oven
Oven,Oven,Oven
Oven,Oven,Oven
Oven,Oven,Oven
Oven,Oven,Oven
Oven,Oven,Oven
Oven,Oven,Oven
Oven,Oven,Oven
Oven,Oven,Oven
Oven,Oven,Oven
Oven,Oven,Oven
Oven,Oven,Oven
Oven,Oven,Oven
Oven,Oven,Oven
Oven,Oven,Oven
Oven,Oven,Oven
Oven,Oven,Oven
Oven,Oven,Oven
Oven,Oven,Oven
Oven,Oven,Oven
Oven,Oven,Oven
Oven,Oven,Oven
Oven,Oven,Oven
Oven,Oven,Oven
Oven,Oven,Oven
Oven,Oven,Oven
Oven,Oven,Oven
Oven,Oven,Oven
Oven,Oven,Oven
Oven,Oven,Oven
Oven,Oven,Oven
Oven,Oven,Oven
Oven,Oven,Oven
Oven,Oven,Oven
Oven,Oven,Oven
Oven,Oven,Oven
Oven,Oven,Oven
Oven,Oven,Oven
Oven,Oven,Oven
Oven,Oven,Oven
Oven,Oven,Oven
Oven,Oven,Oven
Oven,Oven,Oven
Oven,Oven,Oven
Oven,Oven,Oven
Oven,Oven,Oven
Oven,Oven,Oven
Oven,Oven,Oven
Oven,Oven,Oven
Oven,Oven,Oven
Oven,Oven,Oven
Oven,Oven,Oven
Oven,Oven,Oven
Oven,Oven,Oven
Oven,Oven,Oven
Oven,Oven,Oven
Oven,Oven,Oven
Oven,Oven,Oven
Oven,Oven,Oven
Oven,Oven,Oven
Oven,Oven,Oven
Oven,Oven,Oven
Oven,Oven,Oven
Oven,Oven,Oven
Oven,Oven,Oven
Oven,Oven,Oven
Oven,Oven,Oven
Oven,Oven,Oven
Oven,Oven,Oven
Oven,Oven,Oven
Oven,Oven,Oven
Oven,Oven,Oven
Oven,Oven,Oven
Oven,Oven,Oven
Oven,Oven,Oven
Oven,Oven,Oven
Oven,Oven,Oven
Oven,Oven,Oven
Oven,Oven,Oven
Oven,Oven,Oven
Oven,Oven,Oven
Oven,Oven,Oven
Oven,Oven,Oven
Oven,Oven,Oven
Oven,Oven,Oven
Oven,Oven,Oven
Oven,Oven,Oven
Oven,Oven,Oven
Oven,Oven,Oven
Oven,Oven,Oven
Oven,Oven,Oven
Oven,Oven,Oven
Oven,Oven,Oven
Oven,Oven,Oven
Oven,Oven,Oven
Oven,Oven,Oven
Oven,Oven,Oven
Oven,Oven,Oven
Oven,Oven,Oven
Oven,Oven,Oven
Oven,Oven,Oven
Oven,Oven,Oven
Oven,Oven,Oven
Oven,Oven,Oven
Oven,Oven,Oven
Oven,Oven,Oven
Oven,Oven,Oven
Oven,Oven,Oven
Oven,Oven,Oven
Oven,Oven,Oven
Oven,Oven,Oven
Oven,Oven,Oven
Oven,Oven,Oven
Oven,Oven,Oven
Oven,Oven,Oven
Oven,Oven,Oven
Oven,Oven,Oven
Oven,Oven,Oven
Oven,Oven,Oven
Oven,Oven,Oven
Oven,Oven,Oven
Oven,Oven,Oven
Oven,Oven,Oven
Oven,Oven,Oven
Oven,Oven,Oven
Oven,Oven,Oven
Oven,Oven,Oven
Oven,Oven,Oven
Oven,Oven,Oven
Oven,Oven,Oven
Oven,Oven,Oven
Oven,Oven,Oven
Oven,Oven,Oven
Oven,Oven,Oven
Oven,Oven,Oven
Oven,Oven,Oven
Oven,Oven,Oven
Oven,Oven,Oven
Oven,Oven,Oven
Oven,Oven,Oven
Oven,Oven,Oven
Oven,Oven,Oven
Oven,Oven,Oven
Oven,Oven,Oven
Oven,Oven,Oven
Oven,Oven,Oven
Oven,Oven,Oven
Oven,Oven,Oven
Oven,Oven,Oven
Oven,Oven,Oven
Oven,Oven,Oven
Oven,Oven,Oven
Oven,Oven,Oven
Oven,Oven,Oven
Oven,Oven,Oven
Oven,Oven,Oven
Oven,Oven,Oven
Oven,Oven,Oven
Oven,Oven,Oven
Oven,Oven,Oven
Oven,Oven,Oven
Oven,Oven,Oven
Oven,Oven,Oven
Oven,Oven,Oven
Oven,Oven,Oven
Oven,Oven,Oven
Oven,Oven,Oven
Oven,Oven,Oven
Oven,Oven,Oven
Oven,Oven,Oven
Oven,Oven,Oven
Oven,Oven,Oven
Oven,Oven,Oven
Oven,Oven,Oven
Oven,Oven,Oven
Oven,Oven,Oven
Oven,Oven,Oven
Oven,Oven,Oven
Oven,Oven,Oven
Oven,Oven,Oven
Oven,Oven,Oven
Oven,Oven,Oven
Oven,Oven,Oven
Oven,Oven,Oven
Oven,Oven,Oven
Oven,Oven,Oven
Oven,Oven,Oven
Oven,Oven,Oven
Oven,Oven,Oven
Oven,Oven,Oven
Oven,Oven,Oven
Oven,Oven,Oven
Oven,Oven,Oven
Oven,Oven,Oven
Oven,Oven,Oven
Oven,Oven,Oven
Oven,Oven,Oven
Oven,Oven,Oven
Oven,Oven,Oven
Oven,Oven,Oven
Oven,Oven,Oven
Oven,Oven,Oven
Oven,Oven,Oven
Oven,Oven,Oven
Oven,Oven,Oven
Oven,Oven,Oven
Oven,Oven,Oven
Oven,Oven,Oven
Oven,Oven,Oven
Oven,Oven,Oven
Oven,Oven,Oven
Oven,Oven,Oven
Oven,Oven,Oven
Oven,Oven,Oven
Oven,Oven,Oven
Oven,Oven,Oven
Oven,Oven,Oven
Oven,Oven,Oven
Oven,Oven,Oven
Oven,Oven,Oven
Oven,Oven,Oven
Oven,Oven,Oven
Oven,Oven,Oven
Oven,Oven,Oven
Oven,Oven,Oven
Oven,Oven,Oven
Oven,Oven,Oven
Oven,Oven,Oven
Oven,Oven,Oven
Oven,Oven,Oven
Oven,Oven,Oven
Oven,Oven,Oven
Oven,Oven,Oven
Oven,Oven,Oven
Oven,Oven,Oven
Oven,Oven,Oven
Oven,Oven,Oven
Oven,Oven,Oven
Oven,Oven,Oven
Oven,Oven,Oven
Oven,Oven,Oven
Oven,Oven,Oven
Oven,Oven,Oven
Oven,Oven,Oven
Oven,Oven,Oven
Oven,Oven,Oven
Oven,Oven,Oven
Oven,Oven,Oven
Oven,Oven,Oven
Oven,Oven,Oven
Oven,Oven,Oven
Oven,Oven,Oven
Oven,Oven,Oven
Oven,Oven,Oven
Oven,Oven,Oven
Oven,Oven,Oven
Oven,Oven,Oven
Oven,Oven,Oven
Oven,Oven,Oven
Oven,Oven,Oven
Oven,Oven,Oven
Oven,Oven,Oven
Oven,Oven,Oven
Oven,Oven,Oven
Oven,Oven,Oven
Oven,Oven,Oven
Oven,Oven,Oven
Oven,Oven,Oven
Oven,Oven,Oven
Oven,Oven,Oven
Oven,Oven,Oven
Oven,Oven,Oven
Oven,Oven,Oven
Oven,Oven,Oven
Oven,Oven,Oven
Oven,Oven,Oven
Oven,Oven,Oven
Oven,Oven,Oven
Oven,Oven,Oven
Oven,Oven,Oven
Oven,Oven,Oven
Oven,Oven,Oven
Oven,Oven,Oven
Oven,Oven,Oven
Oven,Oven,Oven
Oven,Oven,Oven
Oven,Oven,Oven
Oven,Oven,Oven
Oven,Oven,Oven
Oven,Oven,Oven
Oven,Oven,Oven
Oven,Oven,Oven
Oven,Oven,Oven
Oven,Oven,Oven
Oven,Oven,Oven
Oven,Oven,Oven
Oven,Oven,Oven
Oven,Oven,Oven
Oven,Oven,Oven
Oven,Oven,Oven
Oven,Oven,Oven
Oven,Oven,Oven
Oven,Oven,Oven
Oven,Oven,Oven
Oven,Oven,Oven
Oven,Oven,Oven
Oven,Oven,Oven
Oven,Oven,Oven
Oven,Oven,Oven
Oven,Oven,Oven
Oven,Oven,Oven
Oven,Oven,Oven
Oven,Oven,Oven
Oven,Oven,Oven
Oven,Oven,Oven
Oven,Oven,Oven
Oven,Oven,Oven
Oven,Oven,Oven
Oven,Oven,Oven
Oven,Oven,Oven
Oven,Oven,Oven
Oven,Oven,Oven
Oven,Oven,Oven
Oven,Oven,Oven
Oven,Oven,Oven
Oven,Oven,Oven
Oven,Oven,Oven
Oven,Oven,Oven
Oven,Oven,Oven
Oven,Oven,Oven
Oven,Oven,Oven
Oven,Oven,Oven
Oven,Oven,Oven
Oven,Oven,Oven
Oven,Oven,Oven
Oven,Oven,Oven
Oven,Oven,Oven
Oven,Oven,Oven
Oven,Oven,Oven
Oven,Oven,Oven
Oven,Oven,Oven
Oven,Oven,Oven
Oven,Oven,Oven
Oven,Oven,Oven
Oven,Oven,Oven
Oven,Oven,Oven
Oven,Oven,Oven
Oven,Oven,Oven
Oven,Oven,Oven
Oven,Oven,Oven
Oven,Oven,Oven
Oven,Oven,Oven
Oven,Oven,Oven
Oven,Oven,Oven
Oven,Oven,Oven
Oven,Oven,Oven
Oven,Oven,Oven
Oven,Oven,Oven
Oven,Oven,Oven
Oven,Oven,Oven
Oven,Oven,Oven
Oven,Oven,Oven
Oven,Oven,Oven
Oven,Oven,Oven
Oven,Oven,Oven
Oven,Oven,Oven
Oven,Oven,Oven
Oven,Oven,Oven
Oven,Oven,Oven
Oven,Oven,Oven
Oven,Oven,Oven
Oven,Oven,Oven
Oven,Oven,Oven
Oven,Oven,Oven
Oven,Oven,Oven
Oven,Oven,Oven
Oven,Oven,Oven
Oven,Oven,Oven
Oven,Oven,Oven
Oven,Oven,Oven
Oven,Oven,Oven
Oven,Oven,Oven
Oven,Oven,Oven
Oven,Oven,Oven
Oven,Oven,Oven
Oven,Oven,Oven
Oven,Oven,Oven
Oven,Oven,Oven
Oven,Oven,Oven
Oven,Oven,Oven
Oven,Oven,Oven
Oven,Oven,Oven
Oven,Oven,Oven
Oven,Oven,Oven
Oven,Oven,Oven
Oven,Oven,Oven
Oven,Oven,Oven
Oven,Oven,Oven
Oven,Oven,Oven
Oven,Oven,Oven
Oven,Oven,Oven
Oven,Oven,Oven
Oven,Oven,Oven
Oven,Oven,Oven
Oven,Oven,Oven
Oven,Oven,Oven
Oven,Oven,Oven
Oven,Oven,Oven
Oven,Oven,Oven
Oven,Oven,Oven
Oven,Oven,Oven
Oven,Oven,Oven
Oven,Oven,Oven
Oven,Oven,Oven
Oven,Oven,Oven
Oven,Oven,Oven
Oven,Oven,Oven
Oven,Oven,Oven
Oven,Oven,Oven
Oven,Oven,Oven
Oven,Oven,Oven
Oven,Oven,Oven
Oven,Oven,Oven
Oven,Oven,Oven
Oven,Oven,Oven
Oven,Oven,Oven
Oven,Oven,Oven
Oven,Oven,Oven
Oven,Oven,Oven
Oven,Oven,Oven
Oven,Oven,Oven
Oven,Oven,Oven
Oven,Oven,Oven
Oven,Oven,Oven
Oven,Oven,Oven
Oven,Oven,Oven
Oven,Oven,Oven
Oven,Oven,Oven
Oven,Oven,Oven
Oven,Oven,Oven
Oven,Oven,Oven
Oven,Oven,Oven
Oven,Oven,Oven
Oven,Oven,Oven
Oven,Oven,Oven
Oven,Oven,Oven
Oven,Oven,Oven
Oven,Oven,Oven
Oven,Oven,Oven
Oven,Oven,Oven
Oven,Oven,Oven
Oven,Oven,Oven
Oven,Oven,Oven
Oven,Oven,Oven
Oven,Oven,Oven
Oven,Oven,Oven
Oven,Oven,Oven
Oven,Oven,Oven
Oven,Oven,Oven
Oven,Oven,Oven
Oven,Oven,Oven
Oven,Oven,Oven
Oven,Oven,Oven
Oven,Oven,Oven
Oven,Oven,Oven
Oven,Oven,Oven
Oven,Oven,Oven
Oven,Oven,Oven
Oven,Oven,Oven
Oven,Oven,Oven
Oven,Oven,Oven
Oven,Oven,Oven
Oven,Oven,Oven
Oven,Oven,Oven
Oven,Oven,Oven
Oven,Oven,Oven
Oven,Oven,Oven
Oven,Oven,Oven
Oven,Oven,Oven
Oven,Oven,Oven
Oven,Oven,Oven
Oven,Oven,Oven
Oven,Oven,Oven
Oven,Oven,Oven
Oven,Oven,Oven
Oven,Oven,Oven
Oven,Oven,Oven
Oven,Oven,Oven
Oven,Oven,Oven
Oven,Oven,Oven
Oven,Oven,Oven
Oven,Oven,Oven
Oven,Oven,Oven
Oven,Oven,Oven
Oven,Oven,Oven
Oven,Oven,Oven
Oven,Oven,Oven
Oven,Oven,Oven
Oven,Oven,Oven
Oven,Oven,Oven
Oven,Oven,Oven
Oven,Oven,Oven
Oven,Oven,Oven
Oven,Oven,Oven
Oven,Oven,Oven
Oven,Oven,Oven
Oven,Oven,Oven
Oven,Oven,Oven
Oven,Oven,Oven
Oven,Oven,Oven
Oven,Oven,Oven
Oven,Oven,Oven
Oven,Oven,Oven
Oven,Oven,Oven
Oven,Oven,Oven
Oven,Oven,Oven
Oven,Oven,Oven
Oven,Oven,Oven
Oven,Oven,Oven
Oven,Oven,Oven
Oven,Oven,Oven
Oven,Oven,Oven
Oven,Oven,Oven
Oven,Oven,Oven
Oven,Oven,Oven
Oven,Oven,Oven
Oven,Oven,Oven
Oven,Oven,Oven
Oven,Oven,Oven
Oven,Oven,Oven
Oven,Oven,Oven
Oven,Oven,Oven
Oven,Oven,Oven
Oven,Oven,Oven
Oven,Oven,Oven
Oven,Oven,Oven
Oven,Oven,Oven
Oven,Oven,Oven
Oven,Oven,Oven
Oven,Oven,Oven
Oven,Oven,Oven
Oven,Oven,Oven
Oven,Oven,Oven
Oven,Oven,Oven
Oven,Oven,Oven
Oven,Oven,Oven
Oven,Oven,Oven
Oven,Oven,Oven
Oven,Oven,Oven
Oven,Oven,Oven
Oven,Oven,Oven
Oven,Oven,Oven
Oven,Oven,Oven
Oven,Oven,Oven
Oven,Oven,Oven
Oven,Oven,Oven
Oven,Oven,Oven
Oven,Oven,Oven
Oven,Oven,Oven
Oven,Oven,Oven
Oven,Oven,Oven
Oven,Oven,Oven
Oven,Oven,Oven
Oven,Oven,Oven
Oven,Oven,Oven
Oven,Oven,Oven
Oven,Oven,Oven
Oven,Oven,Oven
Oven,Oven,Oven
Oven,Oven,Oven
Oven,Oven,Oven
Oven,Oven,Oven
Oven,Oven,Oven
Oven,Oven,Oven
Oven,Oven,Oven
Oven,Oven,Oven
Oven,Oven,Oven
Oven,Oven,Oven
Oven,Oven,Oven
Oven,Oven,Oven
Oven,Oven,Oven
Oven,Oven,Oven
Oven,Oven,Oven
Oven,Oven,Oven
Oven,Oven,Oven
Oven,Oven,Oven
Oven,Oven,Oven
Oven,Oven,Oven
Oven,Oven,Oven
Oven,Oven,Oven
Oven,Oven,Oven
Oven,Oven,Oven
Oven,Oven,Oven
Oven,Oven,Oven
Oven,Oven,Oven
Oven,Oven,Oven
Oven,Oven,Oven
Oven,Oven,Oven
Oven,Oven,Oven
Oven,Oven,Oven
Oven,Oven,Oven
Oven,Oven,Oven
Oven,Oven,Oven
Oven,Oven,Oven
Oven,Oven,Oven
Oven,Oven,Oven
Oven,Oven,Oven
Oven,Oven,Oven
Oven,Oven,Oven
Oven,Oven,Oven
Oven,Oven,Oven
Oven,Oven,Oven
Oven,Oven,Oven
Oven,Oven,Oven
Oven,Oven,Oven
Oven,Oven,Oven
Oven,Oven,Oven
Oven,Oven,Oven
Oven,Oven,Oven
Oven,Oven,Oven
Oven,Oven,Oven
Oven,Oven,Oven
Oven,Oven,Oven
Oven,Oven,Oven
Oven,Oven,Oven
Oven,Oven,Oven
Oven,Oven,Oven
Oven,Oven,Oven
Oven,Oven,Oven
Oven,Oven,Oven
Oven,Oven,Oven
Oven,Oven,Oven
Oven,Oven,Oven
Oven,Oven,Oven
Oven,Oven,Oven
Oven,Oven,Oven
Oven,Oven,Oven
Oven,Oven,Oven
Oven,Oven,Oven
Oven,Oven,Oven
Oven,Oven,Oven
Oven,Oven,Oven
Oven,Oven,Oven
Oven,Oven,Oven
Oven,Oven,Oven
Oven,Oven,Oven
Oven,Oven,Oven
Oven,Oven,Oven
Oven,Oven,Oven
Oven,Oven,Oven
Oven,Oven,Oven
Oven,Oven,Oven
Oven,Oven,Oven
Oven,Oven,Oven
Oven,Oven,Oven
Oven,Oven,Oven
Oven,Oven,Oven
Oven,Oven,Oven
Oven,Oven,Oven
Oven,Oven,Oven
Oven,Oven,Oven
Oven,Oven,Oven
Oven,Oven,Oven
Oven,Oven,Oven
Oven,Oven,Oven
Oven,Oven,Oven
Oven,Oven,Oven
Oven,Oven,Oven
Oven,Oven,Oven
Oven,Oven,Oven
Oven,Oven,Oven
Oven,Oven,Oven
Oven,Oven,Oven
Oven,Oven,Oven
Oven,Oven,Oven
Oven,Oven,Oven
Oven,Oven,Oven
Oven,Oven,Oven
Oven,Oven,Oven
Oven,Oven,Oven
Oven,Oven,Oven
Oven,Oven,Oven
Oven,Oven,Oven
Oven,Oven,Oven
Oven,Oven,Oven
Oven,Oven,Oven
Oven,Oven,Oven
Oven,Oven,Oven
Oven,Oven,Oven
Oven,Oven,Oven
Oven,Oven,Oven
Oven,Oven,Oven
Oven,Oven,Oven
Oven,Oven,Oven
Oven,Oven,Oven
Oven,Oven,Oven
Oven,Oven,Oven
Oven,Oven,Oven
Oven,Oven,Oven
Oven,Oven,Oven
Oven,Oven,Oven
Oven,Oven,Oven
Oven,Oven,Oven
Oven,Oven,Oven
Oven,Oven,Oven
Oven,Oven,Oven
Oven,Oven,Oven
Oven,Oven,Oven
Oven,Oven,Oven
Oven,Oven,Oven
Oven,Oven,Oven
Oven,Oven,Oven
Oven,Oven,Oven
Oven,Oven,Oven
Oven,Oven,Oven
Oven,Oven,Oven
Oven,Oven,Oven
Oven,Oven,Oven
Oven,Oven,Oven
Oven,Oven,Oven
Oven,Oven,Oven
Oven,Oven,Oven
Oven,Oven,Oven
Oven,Oven,Oven
Oven,Oven,Oven
Oven,Oven,Oven
Oven,Oven,Oven
Oven,Oven,Oven
Oven,Oven,Oven
Oven,Oven,Oven
Oven,Oven,Oven
Oven,Oven,Oven
Oven,Oven,Oven
Oven,Oven,Oven
Oven,Oven,Oven
Oven,Oven,Oven
Oven,Oven,Oven
Oven,Oven,Oven
Oven,Oven,Oven
Oven,Oven,Oven
Oven,Oven,Oven
Oven,Oven,Oven
Oven,Oven,Oven
Oven,Oven,Oven
Oven,Oven,Oven
Oven,Oven,Oven
Oven,Oven,Oven
Oven,Oven,Oven
Oven,Oven,Oven
Oven,Oven,Oven
Oven,Oven,Oven
Oven,Oven,Oven
Oven,Oven,Oven
Oven,Oven,Oven
Oven,Oven,Oven
Oven,Oven,Oven
Oven,Oven,Oven
Oven,Oven,Oven
Oven,Oven,Oven
Oven,Oven,Oven
Oven,Oven,Oven
Oven,Oven,Oven
Oven,Oven,Oven
Oven,Oven,Oven
Oven,Oven,Oven
Oven,Oven,Oven
Oven,Oven,Oven
Oven,Oven,Oven
Oven,Oven,Oven
Oven,Oven,Oven
Oven,Oven,Oven
Oven,Oven,Oven
Oven,Oven,Oven
Oven,Oven,Oven
Oven,Oven,Oven
Oven,Oven,Oven
Oven,Oven,Oven
Oven,Oven,Oven
Oven,Oven,Oven
Oven,Oven,Oven
Oven,Oven,Oven
Oven,Oven,Oven
Oven,Oven,Oven
Oven,Oven,Oven
Oven,Oven,Oven
Oven,Oven,Oven
Oven,Oven,Oven
Oven,Oven,Oven
Oven,Oven,Oven
Oven,Oven,Oven
Oven,Oven,Oven
Oven,Oven,Oven
Oven,Oven,Oven
Oven,Oven,Oven
Oven,Oven,Oven
Oven,Oven,Oven
Oven,Oven,Oven
Oven,Oven,Oven
Oven,Oven,Oven
Oven,Oven,Oven
Oven,Oven,Oven
Oven,Oven,Oven
Oven,Oven,Oven
Oven,Oven,Oven
Oven,Oven,Oven
Oven,Oven,Oven
Oven,Oven,Oven
Oven,Oven,Oven
Oven,Oven,Oven
Oven,Oven,Oven
Oven,Oven,Oven
Oven,Oven,Oven
Oven,Oven,Oven
Oven,Oven,Oven
Oven,Oven,Oven
Oven,Oven,Oven
Oven,Oven,Oven
Oven,Oven,Oven
Oven,Oven,Oven
Oven,Oven,Oven
Oven,Oven,Oven
Oven,Oven,Oven
Oven,Oven,Oven
Oven,Oven,Oven
Oven,Oven,Oven
Oven,Oven,Oven
Oven,Oven,Oven
Oven,Oven,Oven
Oven,Oven,Oven
Oven,Oven,Oven
Oven,Oven,Oven
Oven,Oven,Oven
Oven,Oven,Oven
Oven,Oven,Oven
Oven,Oven,Oven
Oven,Oven,Oven
Oven,Oven,Oven
Oven,Oven,Oven
Oven,Oven,Oven
Oven,Oven,Oven
Oven,Oven,Oven
Oven,Oven,Oven
Oven,Oven,Oven
Oven,Oven,Oven
Oven,Oven,Oven
Oven,Oven,Oven
Oven,Oven,Oven
Oven,Oven,Oven
Oven,Oven,Oven
Oven,Oven,Oven
Oven,Oven,Oven
Oven,Oven,Oven
Oven,Oven,Oven
Oven,Oven,Oven
Oven,Oven,Oven
Oven,Oven,Oven
Oven,Oven,Oven
Oven,Oven,Oven
Oven,Oven,Oven
Oven,Oven,Oven
Oven,Oven,Oven
Oven,Oven,Oven
Oven,Oven,Oven
Oven,Oven,Oven
Oven,Oven,Oven
Oven,Oven,Oven
Oven,Oven,Oven
Oven,Oven,Oven
Oven,Oven,Oven
Oven,Oven,Oven
Oven,Oven,Oven
Oven,Oven,Oven
Oven,Oven,Oven
Oven,Oven,Oven
Oven,Oven,Oven
Oven,Oven,Oven
Oven,Oven,Oven
Oven,Oven,Oven
Oven,Oven,Oven
Oven,Oven,Oven
Oven,Oven,Oven
Oven,Oven,Oven
Oven,Oven,Oven
Oven,Oven,Oven
Oven,Oven,Oven
Oven,Oven,Oven
Oven,Oven,Oven
Oven,Oven,Oven
Oven,Oven,Oven
Oven,Oven,Oven
Oven,Oven,Oven
Oven,Oven,Oven
Oven,Oven,Oven
Oven,Oven,Oven
Oven,Oven,Oven
Oven,Oven,Oven
Oven,Oven,Oven
Oven,Oven,Oven
Oven,Oven,Oven
Oven,Oven,Oven
Oven,Oven,Oven
Oven,Oven,Oven
Oven,Oven,Oven
Oven,Oven,Oven
Oven,Oven,Oven
Oven,Oven,Oven
Oven,Oven,Oven
Oven,Oven,Oven
Oven,Oven,Oven
Oven,Oven,Oven
Oven,Oven,Oven
Oven,Oven,Oven
Oven,Oven,Oven
Oven,Oven,Oven
Oven,Oven,Oven
Oven,Oven,Oven
Oven,Oven,Oven
Oven,Oven,Oven
Oven,Oven,Oven
Oven,Oven,Oven
Oven,Oven,Oven
Oven,Oven,Oven
Oven,Oven,Oven
Oven,Oven,Oven
Oven,Oven,Oven
Oven,Oven,Oven
Oven,Oven,Oven
Oven,Oven,Oven
Oven,Oven,Oven
Oven,Oven,Oven
Oven,Oven,Oven
Oven,Oven,Oven
Oven,Oven,Oven
Oven,Oven,Oven
Oven,Oven,Oven
Oven,Oven,Oven
Oven,Oven,Oven
Oven,Oven,Oven
Oven,Oven,Oven
Oven,Oven,Oven
Oven,Oven,Oven
Oven,Oven,Oven
Oven,Oven,Oven
Oven,Oven,Oven
Oven,Oven,Oven
Oven,Oven,Oven
Oven,Oven,Oven
Oven,Oven,Oven
Oven,Oven,Oven
Oven,Oven,Oven
Oven,Oven,Oven
Oven,Oven,Oven
Oven,Oven,Oven
Oven,Oven,Oven
Oven,Oven,Oven
Oven,Oven,Oven
Oven,Oven,Oven
Oven,Oven,Oven
Oven,Oven,Oven
Oven,Oven,Oven
Oven,Oven,Oven
Oven,Oven,Oven
Oven,Oven,Oven
Oven,Oven,Oven
Oven,Oven,Oven
Oven,Oven,Oven
Oven,Oven,Oven
Oven,Oven,Oven
Oven,Oven,Oven
Oven,Oven,Oven
Oven,Oven,Oven
Oven,Oven,Oven
Oven,Oven,Oven
Oven,Oven,Oven
Oven,Oven,Oven
Oven,Oven,Oven
Oven,Oven,Oven
Oven,Oven,Oven
Oven,Oven,Oven
Oven,Oven,Oven
Oven,Oven,Oven
Oven,Oven,Oven
Oven,Oven,Oven
Oven,Oven,Oven
Oven,Oven,Oven
Oven,Oven,Oven
Oven,Oven,Oven
Oven,Oven,Oven
Oven,Oven,Oven
Oven,Oven,Oven
Oven,Oven,Oven
Oven,Oven,Oven
Oven,Oven,Oven
Oven,Oven,Oven
Oven,Oven,Oven
Oven,Oven,Oven
Oven,Oven,Oven
Oven,Oven,Oven
Oven,Oven,Oven
Oven,Oven,Oven
Oven,Oven,Oven
Oven,Oven,Oven
Oven,Oven,Oven
Oven,Oven,Oven
Oven,Oven,Oven
Oven,Oven,Oven
Oven,Oven,Oven
Oven,Oven,Oven
Oven,Oven,Oven
Oven,Oven,Oven
Oven,Oven,Oven
Oven,Oven,Oven
Oven,Oven,Oven
Oven,Oven,Oven
Oven,Oven,Oven
Oven,Oven,Oven
Oven,Oven,Oven
Oven,Oven,Oven
Oven,Oven,Oven
Oven,Oven,Oven
Oven,Oven,Oven
Oven,Oven,Oven
Oven,Oven,Oven
Oven,Oven,Oven
Oven,Oven,Oven
Oven,Oven,Oven
Oven,Oven,Oven
Oven,Oven,Oven
Oven,Oven,Oven
Oven,Oven,Oven
Oven,Oven,Oven
Oven,Oven,Oven
Oven,Oven,Oven
Oven,Oven,Oven
Oven,Oven,Oven
Oven,Oven,Oven
Oven,Oven,Oven
Oven,Oven,Oven
Oven,Oven,Oven
Oven,Oven,Oven
Oven,Oven,Oven
Oven,Oven,Oven
Oven,Oven,Oven
Oven,Oven,Oven
Oven,Oven,Oven
Oven,Oven,Oven
Oven,Oven,Oven
Oven,Oven,Oven
Oven,Oven,Oven
Oven,Oven,Oven
Oven,Oven,Oven
Oven,Oven,Oven
Oven,Oven,Oven
Oven,Oven,Oven
Oven,Oven,Oven
Oven,Oven,Oven
Oven,Oven,Oven
Oven,Oven,Oven
Oven,Oven,Oven
Oven,Oven,Oven
Oven,Oven,Oven
Oven,Oven,Oven
Oven,Oven,Oven
Oven,Oven,Oven
Oven,Oven,Oven
Oven,Oven,Oven
Oven,Oven,Oven
Oven,Oven,Oven
Oven,Oven,Oven
Oven,Oven,Oven
Oven,Oven,Oven
Oven,Oven,Oven
Oven,Oven,Oven
Oven,Oven,Oven
Oven,Oven,Oven
Oven,Oven,Oven
Oven,Oven,Oven
Oven,Oven,Oven
Oven,Oven,Oven
Oven,Oven,Oven
Oven,Oven,Oven
Oven,Oven,Oven
Oven,Oven,Oven
Oven,Oven,Oven
Oven,Oven,Oven
Oven,Oven,Oven
Oven,Oven,Oven
Oven,Oven,Oven
Oven,Oven,Oven
Oven,Oven,Oven
Oven,Oven,Oven
Oven,Oven,Oven
Oven,Oven,Oven
Oven,Oven,Oven
Oven,Oven,Oven
Oven,Oven,Oven
Oven,Oven,Oven
Oven,Oven,Oven
Oven,Oven,Oven
Oven,Oven,Oven
Oven,Oven,Oven
Oven,Oven,Oven
Oven,Oven,Oven
Oven,Oven,Oven
Oven,Oven,Oven
Oven,Oven,Oven
Oven,Oven,Oven
Oven,Oven,Oven
Oven,Oven,Oven
Oven,Oven,Oven
Oven,Oven,Oven
Oven,Oven,Oven
Oven,Oven,Oven
Oven,Oven,Oven
Oven,Oven,Oven
Oven,Oven,Oven
Oven,Oven,Oven
Oven,Oven,Oven
Oven,Oven,Oven
Oven,Oven,Oven
Oven,Oven,Oven
Oven,Oven,Oven
Oven,Oven,Oven
Oven,Oven,Oven
Oven,Oven,Oven
Oven,Oven,Oven
Oven,Oven,Oven
Oven,Oven,Oven
Oven,Oven,Oven
Oven,Oven,Oven
Oven,Oven,Oven
Oven,Oven,Oven
Oven,Oven,Oven
Oven,Oven,Oven
Oven,Oven,Oven
Oven,Oven,Oven
Oven,Oven,Oven
Oven,Oven,Oven
Oven,Oven,Oven
Oven,Oven,Oven
Oven,Oven,Oven
Oven,Oven,Oven
Oven,Oven,Oven
Oven,Oven,Oven
Oven,Oven,Oven
Oven,Oven,Oven
Oven,Oven,Oven
Oven,Oven,Oven
Oven,Oven,Oven
Oven,Oven,Oven
Oven,Oven,Oven
Oven,Oven,Oven
Oven,Oven,Oven
Oven,Oven,Oven
Oven,Oven,Oven
Oven,Oven,Oven
Oven,Oven,Oven
Oven,Oven,Oven
Oven,Oven,Oven
Oven,Oven,Oven
Oven,Oven,Oven
Oven,Oven,Oven
Oven,Oven,Oven
Oven,Oven,Oven
Oven,Oven,Oven
Oven,Oven,Oven
Oven,Oven,Oven
Oven,Oven,Oven
Oven,Oven,Oven
Oven,Oven,Oven
Oven,Oven,Oven
Oven,Oven,Oven
Oven,Oven,Oven
Oven,Oven,Oven
Oven,Oven,Oven
Oven,Oven,Oven
Oven,Oven,Oven
Oven,Oven,Oven
Oven,Oven,Oven
Oven,Oven,Oven
Oven,Oven,Oven
Oven,Oven,Oven
Oven,Oven,Oven
Oven,Oven,Oven
Oven,Oven,Oven
Oven,Oven,Oven
Oven,Oven,Oven
Oven,Oven,Oven
Oven,Oven,Oven
Oven,Oven,Oven
Oven,Oven,Oven
Oven,Oven,Oven
Oven,Oven,Oven
Oven,Oven,Oven
Oven,Oven,Oven
Oven,Oven,Oven
Oven,Oven,Oven
Oven,Oven,Oven
Oven,Oven,Oven
Oven,Oven,Oven
Oven,Oven,Oven
Oven,Oven,Oven
Oven,Oven,Oven
Oven,Oven,Oven
Oven,Oven,Oven
Oven,Oven,Oven
Oven,Oven,Oven
Oven,Oven,Oven
Oven,Oven,Oven
Oven,Oven,Oven
Oven,Oven,Oven
Oven,Oven,Oven
Oven,Oven,Oven
Oven,Oven,Oven
Oven,Oven,Oven
Oven,Oven,Oven
Oven,Oven,Oven
Oven,Oven,Oven
Oven,Oven,Oven
Oven,Oven,Oven
Oven,Oven,Oven
Oven,Oven,Oven
Oven,Oven,Oven
Oven,Oven,Oven
Oven,Oven,Oven
Oven,Oven,Oven
Oven,Oven,Oven
Oven,Oven,Oven
Oven,Oven,Oven
Oven,Oven,Oven
Oven,Oven,Oven
Oven,Oven,Oven
Oven,Oven,Oven
Oven,Oven,Oven
Oven,Oven,Oven
Oven,Oven,Oven
Oven,Oven,Oven
Oven,Oven,Oven
Oven,Oven,Oven
Oven,Oven,Oven
Oven,Oven,Oven
Oven,Oven,Oven
Oven,Oven,Oven
Oven,Oven,Oven
Oven,Oven,Oven
Oven,Oven,Oven
Oven,Oven,Oven
Oven,Oven,Oven
Oven,Oven,Oven
Oven,Oven,Oven
Oven,Oven,Oven
Oven,Oven,Oven
Oven,Oven,Oven
Oven,Oven,Oven
Oven,Oven,Oven
Oven,Oven,Oven
Oven,Oven,Oven
Oven,Oven,Oven
Oven,Oven,Oven
Oven,Oven,Oven
Oven,Oven,Oven
Oven,Oven,Oven
Oven,Oven,Oven
Oven,Oven,Oven
Oven,Oven,Oven
Oven,Oven,Oven
Oven,Oven,Oven
Oven,Oven,Oven
Oven,Oven,Oven
Oven,Oven,Oven
Oven,Oven,Oven
Oven,Oven,Oven
Oven,Oven,Oven
Oven,Oven,Oven
Oven,Oven,Oven
Oven,Oven,Oven
Oven,Oven,Oven
Oven,Oven,Oven
Oven,Oven,Oven
Oven,Oven,Oven
Oven,Oven,Oven
Oven,Oven,Oven
Oven,Oven,Oven
Oven,Oven,Oven
Oven,Oven,Oven
Oven,Oven,Oven
Oven,Oven,Oven
Oven,Oven,Oven
Oven,Oven,Oven
Oven,Oven,Oven
Oven,Oven,Oven
Oven,Oven,Oven
Oven,Oven,Oven
Oven,Oven,Oven
Oven,Oven,Oven
Oven,Oven,Oven
Oven,Oven,Oven
Oven,Oven,Oven
Oven,Oven,Oven
Oven,Oven,Oven
Oven,Oven,Oven
Oven,Oven,Oven
Oven,Oven,Oven
Oven,Oven,Oven
Oven,Oven,Oven
Oven,Oven,Oven
Oven,Oven,Oven
Oven,Oven,Oven
Oven,Oven,Oven
Oven,Oven,Oven
Oven,Oven,Oven
Oven,Oven,Oven
Oven,Oven,Oven
Oven,Oven,Oven
Oven,Oven,Oven
Oven,Oven,Oven
Oven,Oven,Oven
Oven,Oven,Oven
Oven,Oven,Oven
Oven,Oven,Oven
Oven,Oven,Oven
Oven,Oven,Oven
Oven,Oven,Oven
Oven,Oven,Oven
Oven,Oven,Oven
Oven,Oven,Oven
Oven,Oven,Oven
Oven,Oven,Oven
Oven,Oven,Oven
Oven,Oven,Oven
Oven,Oven,Oven
Oven,Oven,Oven
Oven,Oven,Oven
Oven,Oven,Oven
Oven,Oven,Oven
Oven,Oven,Oven
Oven,Oven,Oven
Oven,Oven,Oven
Oven,Oven,Oven
Oven,Oven,Oven
Oven,Oven,Oven
Oven,Oven,Oven
Oven,Oven,Oven
Oven,Oven,Oven
Oven,Oven,Oven
Oven,Oven,Oven
Oven,Oven,Oven
Oven,Oven,Oven
Oven,Oven,Oven
Oven,Oven,Oven
Oven,Oven,Oven
Oven,Oven,Oven
Oven,Oven,Oven
Oven,Oven,Oven
Oven,Oven,Oven
Oven,Oven,Oven
Oven,Oven,Oven
Oven,Oven,Oven
Oven,Oven,Oven
Oven,Oven,Oven
Oven,Oven,Oven
Oven,Oven,Oven
Oven,Oven,Oven
Oven,Oven,Oven
Oven,Oven,Oven
Oven,Oven,Oven
Oven,Oven,Oven
Oven,Oven,Oven
Oven,Oven,Oven
Oven,Oven,Oven
Oven,Oven,Oven
Oven,Oven,Oven
Oven,Oven,Oven
Oven,Oven,Oven
Oven,Oven,Oven
Oven,Oven,Oven
Oven,Oven,Oven
Oven,Oven,Oven
Oven,Oven,Oven
Oven,Oven,Oven
Oven,Oven,Oven
Oven,Oven,Oven
Oven,Oven,Oven
Oven,Oven,Oven
Oven,Oven,Oven
Oven,Oven,Oven
Oven,Oven,Oven
Oven,Oven,Oven
Oven,Oven,Oven
Oven,Oven,Oven
Oven,Oven,Oven
Oven,Oven,Oven
Oven,Oven,Oven
Oven,Oven,Oven
Oven,Oven,Oven
Oven,Oven,Oven
Oven,Oven,Oven
Oven,Oven,Oven
Oven,Oven,Oven
Oven,Oven,Oven
Oven,Oven,Oven
Oven,Oven,Oven
Oven,Oven,Oven
Oven,Oven,Oven
Oven,Oven,Oven
Oven,Oven,Oven
Oven,Oven,Oven
Oven,Oven,Oven
Oven,Oven,Oven
Oven,Oven,Oven
Oven,Oven,Oven
Oven,Oven,Oven
Oven,Oven,Oven
Oven,Oven,Oven
Oven,Oven,Oven
Oven,Oven,Oven
Oven,Oven,Oven
Oven,Oven,Oven
Oven,Oven,Oven
Oven,Oven,Oven
Oven,Oven,Oven
Oven,Oven,Oven
Oven,Oven,Oven
Oven,Oven,Oven
Oven,Oven,Oven
Oven,Oven,Oven
Oven,Oven,Oven
Oven,Oven,Oven
Oven,Oven,Oven
Oven,Oven,Oven
Oven,Oven,Oven
Oven,Oven,Oven
Oven,Oven,Oven
Oven,Oven,Oven
Oven,Oven,Oven
Oven,Oven,Oven
Oven,Oven,Oven
Oven,Oven,Oven
Oven,Oven,Oven
Oven,Oven,Oven
Oven,Oven,Oven
Oven,Oven,Oven
Oven,Oven,Oven
Oven,Oven,Oven
Oven,Oven,Oven
Oven,Oven,Oven
Oven,Oven,Oven
Oven,Oven,Oven
Oven,Oven,Oven
Oven,Oven,Oven
Oven,Oven,Oven
Oven,Oven,Oven
Oven,Oven,Oven
Oven,Oven,Oven
Oven,Oven,Oven
Oven,Oven,Oven
Oven,Oven,Oven
Oven,Oven,Oven
Oven,Oven,Oven
Oven,Oven,Oven
Oven,Oven,Oven
Oven,Oven,Oven
Oven,Oven,Oven
Oven,Oven,Oven
Oven,Oven,Oven
Oven,Oven,Oven
Oven,Oven,Oven
Oven,Oven,Oven
Oven,Oven,Oven
Oven,Oven,Oven
Oven,Oven,Oven
Oven,Oven,Oven
Oven,Oven,Oven
Oven,Oven,Oven
Oven,Oven,Oven
Oven,Oven,Oven
Oven,Oven,Oven
Oven,Oven,Oven
Oven,Oven,Oven
Oven,Oven,Oven
Oven,Oven,Oven
Oven,Oven,Oven
Oven,Oven,Oven
Oven,Oven,Oven
Oven,Oven,Oven
Oven,Oven,Oven
Oven,Oven,Oven
Oven,Oven,Oven
Oven,Oven,Oven
Oven,Oven,Oven
Oven,Oven,Oven
Oven,Oven,Oven
Oven,Oven,Oven
Oven,Oven,Oven
Oven,Oven,Oven
Oven,Oven,Oven
Oven,Oven,Oven
Oven,Oven,Oven
Oven,Oven,Oven
Oven,Oven,Oven
Oven,Oven,Oven
Oven,Oven,Oven
Oven,Oven,Oven
Oven,Oven,Oven
Oven,Oven,Oven
Oven,Oven,Oven
Oven,Oven,Oven
Oven,Oven,Oven
Oven,Oven,Oven
Oven,Oven,Oven
Oven,Oven,Oven
Oven,Oven,Oven
Oven,Oven,Oven
Oven,Oven,Oven
Oven,Oven,Oven
Oven,Oven,Oven
Oven,Oven,Oven
Oven,Oven,Oven
Oven,Oven,Oven
Oven,Oven,Oven
Oven,Oven,Oven
Oven,Oven,Oven
Oven,Oven,Oven
Oven,Oven,Oven
Oven,Oven,Oven
Oven,Oven,Oven
Oven,Oven,Oven
Oven,Oven,Oven
Oven,Oven,Oven
Oven,Oven,Oven
Oven,Oven,Oven
Oven,Oven,Oven
Oven,Oven,Oven
Oven,Oven,Oven
Oven,Oven,Oven
Oven,Oven,Oven
Oven,Oven,Oven
Oven,Oven,Oven
Oven,Oven,Oven
Oven,Oven,Oven
Oven,Oven,Oven
Oven,Oven,Oven
Oven,Oven,Oven
Oven,Oven,Oven
Oven,Oven,Oven
Oven,Oven,Oven
Oven,Oven,Oven
Oven,Oven,Oven
Oven,Oven,Oven
Oven,Oven,Oven
Oven,Oven,Oven
Oven,Oven,Oven
Oven,Oven,Oven
Oven,Oven,Oven
Oven,Oven,Oven
Oven,Oven,Oven
Oven,Oven,Oven
Oven,Oven,Oven
Oven,Oven,Oven
Oven,Oven,Oven
Oven,Oven,Oven
Oven,Oven,Oven
Oven,Oven,Oven
Oven,Oven,Oven
Oven,Oven,Oven
Oven,Oven,Oven
Oven,Oven,Oven
Oven,Oven,Oven
Oven,Oven,Oven
Oven,Oven,Oven
Oven,Oven,Oven
Oven,Oven,Oven
Oven,Oven,Oven
Oven,Oven,Oven
Oven,Oven,Oven
Oven,Oven,Oven
Oven,Oven,Oven
Oven,Oven,Oven
Oven,Oven,Oven
Oven,Oven,Oven
Oven,Oven,Oven
Oven,Oven,Oven
Oven,Oven,Oven
Oven,Oven,Oven
Oven,Oven,Oven
Oven,Oven,Oven
Oven,Oven,Oven
Oven,Oven,Oven
Oven,Oven,Oven
Oven,Oven,Oven
Oven,Oven,Oven
Oven,Oven,Oven
Oven,Oven,Oven
Oven,Oven,Oven
Oven,Oven,Oven
Oven,Oven,Oven
Oven,Oven,Oven
Oven,Oven,Oven
Oven,Oven,Oven
Oven,Oven,Oven
Oven,Oven,Oven
Oven,Oven,Oven
Oven,Oven,Oven
Oven,Oven,Oven
Oven,Oven,Oven
Oven,Oven,Oven
Oven,Oven,Oven
Oven,Oven,Oven
Oven,Oven,Oven
Oven,Oven,Oven
Oven,Oven,Oven
Oven,Oven,Oven
Oven,Oven,Oven
Oven,Oven,Oven
Oven,Oven,Oven
Oven,Oven,Oven
Oven,Oven,Oven
Oven,Oven,Oven
Oven,Oven,Oven
Oven,Oven,Oven
Oven,Oven,Oven
Oven,Oven,Oven
Oven,Oven,Oven
Oven,Oven,Oven
Oven,Oven,Oven
Oven,Oven,Oven
Oven,Oven,Oven
Oven,Oven,Oven
Oven,Oven,Oven
Oven,Oven,Oven
Oven,Oven,Oven
Oven,Oven,Oven
Oven,Oven,Oven
Oven,Oven,Oven
Oven,Oven,Oven
Oven,Oven,Oven
Oven,Oven,Oven
Oven,Oven,Oven
Oven,Oven,Oven
Oven,Oven,Oven
Oven,Oven,Oven
Oven,Oven,Oven
Oven,Oven,Oven
Oven,Oven,Oven
Oven,Oven,Oven
Oven,Oven,Oven
Oven,Oven,Oven
Oven,Oven,Oven
Oven,Oven,Oven
Oven,Oven,Oven
Oven,Oven,Oven
Oven,Oven,Oven
Oven,Oven,Oven
Oven,Oven,Oven
Oven,Oven,Oven
Oven,Oven,Oven
Oven,Oven,Oven
Oven,Oven,Oven
Oven,Oven,Oven
Oven,Oven,Oven
Oven,Oven,Oven
Oven,Oven,Oven
Oven,Oven,Oven
Oven,Oven,Oven
Oven,Oven,Oven
Oven,Oven,Oven
Oven,Oven,Oven
Oven,Oven,Oven
Oven,Oven,Oven
Oven,Oven,Oven
Oven,Oven,Oven
Oven,Oven,Oven
Oven,Oven,Oven
Oven,Oven,Oven
Oven,Oven,Oven
Oven,Oven,Oven
Oven,Oven,Oven
Oven,Oven,Oven
Oven,Oven,Oven
Oven,Oven,Oven
Oven,Oven,Oven
Oven,Oven,Oven
Oven,Oven,Oven
Oven,Oven,Oven
Oven,Oven,Oven
Oven,Oven,Oven
Oven,Oven,Oven
Oven,Oven,Oven
Oven,Oven,Oven
Oven,Oven,Oven
Oven,Oven,Oven
Oven,Oven,Oven
Oven,Oven,Oven
Oven,Oven,Oven
Oven,Oven,Oven
Oven,Oven,Oven
Oven,Oven,Oven
Oven,Oven,Oven
Oven,Oven,Oven
Oven,Oven,Oven
Oven,Oven,Oven
Oven,Oven,Oven
Oven,Oven,Oven
Oven,Oven,Oven
Oven,Oven,Oven
Oven,Oven,Oven
Oven,Oven,Oven
Oven,Oven,Oven
Oven,Oven,Oven
Oven,Oven,Oven
Oven,Oven,Oven
Oven,Oven,Oven
Oven,Oven,Oven
Oven,Oven,Oven
Oven,Oven,Oven
Oven,Oven,Oven
Oven,Oven,Oven
Oven,Oven,Oven
Oven,Oven,Oven
Oven,Oven,Oven
Oven,Oven,Oven
Oven,Oven,Oven
Oven,Oven,Oven
Oven,Oven,Oven
Oven,Oven,Oven
Oven,Oven,Oven
Oven,Oven,Oven
Oven,Oven,Oven
Oven,Oven,Oven
Oven,Oven,Oven
Oven,Oven,Oven
Oven,Oven,Oven
Oven,Oven,Oven
Oven,Oven,Oven
Oven,Oven,Oven
Oven,Oven,Oven
Oven,Oven,Oven
Oven,Oven,Oven
Oven,Oven,Oven
Oven,Oven,Oven
Oven,Oven,Oven
Oven,Oven,Oven
Oven,Oven,Oven
Oven,Oven,Oven
Oven,Oven,Oven
Oven,Oven,Oven
Oven,Oven,Oven
Oven,Oven,Oven
Oven,Oven,Oven
Oven,Oven,Oven
Oven,Oven,Oven
Oven,Oven,Oven
Oven,Oven,Oven
Oven,Oven,Oven
Oven,Oven,Oven
Oven,Oven,Oven
Oven,Oven,Oven
Oven,Oven,Oven
Oven,Oven,Oven
Oven,Oven,Oven
Oven,Oven,Oven
Oven,Oven,Oven
Oven,Oven,Oven
Oven,Oven,Oven
Oven,Oven,Oven
Oven,Oven,Oven
Oven,Oven,Oven
Oven,Oven,Oven
Oven,Oven,Oven
Oven,Oven,Oven
Oven,Oven,Oven
Oven,Oven,Oven
Oven,Oven,Oven
Oven,Oven,Oven
Oven,Oven,Oven
Oven,Oven,Oven
Oven,Oven,Oven
Oven,Oven,Oven
Oven,Oven,Oven
Oven,Oven,Oven
Oven,Oven,Oven
Oven,Oven,Oven
Oven,Oven,Oven
Oven,Oven,Oven
Oven,Oven,Oven
Oven,Oven,Oven
Oven,Oven,Oven
Oven,Oven,Oven
Oven,Oven,Oven
Oven,Oven,Oven
Oven,Oven,Oven
Oven,Oven,Oven
Oven,Oven,Oven
Oven,Oven,Oven
Oven,Oven,Oven
Oven,Oven,Oven
Oven,Oven,Oven
Oven,Oven,Oven
Oven,Oven,Oven
Oven,Oven,Oven
Oven,Oven,Oven
Oven,Oven,Oven
Oven,Oven,Oven
Oven,Oven,Oven
Oven,Oven,Oven
Oven,Oven,Oven
Oven,Oven,Oven
Oven,Oven,Oven
Oven,Oven,Oven
Oven,Oven,Oven
Oven,Oven,Oven
Oven,Oven,Oven
Oven,Oven,Oven
Oven,Oven,Oven
Oven,Oven,Oven
Oven,Oven,Oven
Oven,Oven,Oven
Oven,Oven,Oven
Oven,Oven,Oven
Oven,Oven,Oven
Oven,Oven,Oven
Oven,Oven,Oven
Oven,Oven,Oven
Oven,Oven,Oven
Oven,Oven,Oven
Oven,Oven,Oven
Oven,Oven,Oven
Oven,Oven,Oven
Oven,Oven,Oven
Oven,Oven,Oven
Oven,Oven,Oven
Oven,Oven,Oven
Oven,Oven,Oven
Oven,Oven,Oven
Oven,Oven,Oven
Oven,Oven,Oven
Oven,Oven,Oven
Oven,Oven,Oven
Oven,Oven,Oven
Oven,Oven,Oven
Oven,Oven,Oven
Oven,Oven,Oven
Oven,Oven,Oven
Oven,Oven,Oven
Oven,Oven,Oven
Oven,Oven,Oven
Oven,Oven,Oven
Oven,Oven,Oven
Oven,Oven,Oven
Oven,Oven,Oven
Oven,Oven,Oven
Oven,Oven,Oven
Oven,Oven,Oven
Oven,Oven,Oven
Oven,Oven,Oven
Oven,Oven,Oven
Oven,Oven,Oven
Oven,Oven,Oven
Oven,Oven,Oven
Oven,Oven,Oven
Oven,Oven,Oven
Oven,Oven,Oven
Oven,Oven,Oven
Oven,Oven,Oven
Oven,Oven,Oven
Oven,Oven,Oven
Oven,Oven,Oven
Oven,Oven,Oven
Oven,Oven,Oven
Oven,Oven,Oven
Oven,Oven,Oven
Oven,Oven,Oven
Oven,Oven,Oven
Oven,Oven,Oven
Oven,Oven,Oven
Oven,Oven,Oven
Oven,Oven,Oven
Oven,Oven,Oven
Oven,Oven,Oven
Oven,Oven,Oven
Oven,Oven,Oven
Oven,Oven,Oven
Oven,Oven,Oven
Oven,Oven,Oven
Oven,Oven,Oven
Oven,Oven,Oven
Oven,Oven,Oven
Oven,Oven,Oven
Oven,Oven,Oven
Oven,Oven,Oven
Oven,Oven,Oven
Oven,Oven,Oven
Oven,Oven,Oven
Oven,Oven,Oven
Oven,Oven,Oven
Oven,Oven,Oven
Oven,Oven,Oven
Oven,Oven,Oven
Oven,Oven,Oven
Oven,Oven,Oven
Oven,Oven,Oven
Oven,Oven,Oven
Oven,Oven,Oven
Oven,Oven,Oven
Oven,Oven,Oven
Oven,Oven,Oven
Oven,Oven,Oven
Oven,Oven,Oven
Oven,Oven,Oven
Oven,Oven,Oven
Oven,Oven,Oven
Oven,Oven,Oven
Oven,Oven,Oven
Oven,Oven,Oven
Oven,Oven,Oven
Oven,Oven,Oven
Oven,Oven,Oven
Oven,Oven,Oven
Oven,Oven,Oven
Oven,Oven,Oven
Oven,Oven,Oven
Oven,Oven,Oven
Oven,Oven,Oven
Oven,Oven,Oven
Oven,Oven,Oven
Oven,Oven,Oven
Oven,Oven,Oven
Oven,Oven,Oven
Oven,Oven,Oven
Oven,Oven,Oven
Oven,Oven,Oven
Oven,Oven,Oven
Oven,Oven,Oven
Oven,Oven,Oven
Oven,Oven,Oven
Oven,Oven,Oven
Oven,Oven,Oven
Oven,Oven,Oven
Oven,Oven,Oven
Oven,Oven,Oven
Oven,Oven,Oven
Oven,Oven,Oven
Oven,Oven,Oven
Oven,Oven,Oven
Oven,Oven,Oven
Oven,Oven,Oven
Oven,Oven,Oven
Oven,Oven,Oven
Oven,Oven,Oven
Oven,Oven,Oven
Oven,Oven,Oven
Oven,Oven,Oven
Oven,Oven,Oven
Oven,Oven,Oven
Oven,Oven,Oven
Oven,Oven,Oven
Oven,Oven,Oven
Oven,Oven,Oven
Oven,Oven,Oven
Oven,Oven,Oven
Oven,Oven,Oven
Oven,Oven,Oven
Oven,Oven,Oven
Oven,Oven,Oven
Oven,Oven,Oven
Oven,Oven,Oven
Oven,Oven,Oven
Oven,Oven,Oven
Oven,Oven,Oven
Oven,Oven,Oven
Oven,Oven,Oven
Oven,Oven,Oven
Oven,Oven,Oven
Oven,Oven,Oven
Oven,Oven,Oven
Oven,Oven,Oven
Oven,Oven,Oven
Oven,Oven,Oven
Oven,Oven,Oven
Oven,Oven,Oven
Oven,Oven,Oven
Oven,Oven,Oven
Oven,Oven,Oven
Oven,Oven,Oven
Oven,Oven,Oven
Oven,Oven,Oven
Oven,Oven,Oven
Oven,Oven,Oven
Oven,Oven,Oven
Oven,Oven,Oven
Oven,Oven,Oven
Oven,Oven,Oven
Oven,Oven,Oven
Oven,Oven,Oven
Oven,Oven,Oven
Oven,Oven,Oven
Oven,Oven,Oven
